{
    "fastervqa_raw": 0.13764028251171112,
    "fastervqa_score": 0.4315593421393754,
    "video": "../vd_test_1/cpvs/AVT-Faces_lighting1__V4-0012_3500k_2160_hevc.mkv"
}