{
    "fastervqa_raw": 0.13499216735363007,
    "fastervqa_score": 0.41367907266385956,
    "video": "../vd_test_1/cpvs/AVT-Faces_lighting1__V4-0012_3500k_1080_hevc.mkv"
}