{
    "fastervqa_raw": 0.12325338274240494,
    "fastervqa_score": 0.33768220669484805,
    "video": "../vd_test_1/cpvs/AVT-Faces_lighting1__V4-0005_400k_720_hevc.mkv"
}