{
    "fastervqa_raw": 0.14277540147304535,
    "fastervqa_score": 0.46670416599560327,
    "video": "../vd_test_1/cpvs/AVT-Faces_lighting1__V4-0005_7000k_2160_hevc.mkv"
}