{
    "fastervqa_raw": 0.13506680727005005,
    "fastervqa_score": 0.41418017345770075,
    "video": "../vd_test_1/cpvs/AVT-Faces_lighting1__V4-0005_7000k_1080_hevc.mkv"
}