{
    "fastervqa_raw": 0.1365794986486435,
    "fastervqa_score": 0.42437267642426757,
    "video": "../vd_test_1/cpvs/AVT-Faces_lighting1__V4-0012_15000k_2160_hevc.mkv"
}