{
    "fastervqa_raw": 0.12333390861749649,
    "fastervqa_score": 0.3381807980071908,
    "video": "../vd_test_1/cpvs/AVT-Faces_lighting1__V4-0012_100k_360_hevc.mkv"
}