{
    "fastervqa_raw": 0.09581830352544785,
    "fastervqa_score": 0.19264898562496252,
    "video": "../vd_test_1/cpvs/AVT-Faces_lighting1__V4-0005_100k_360_hevc.mkv"
}