{
    "fastervqa_raw": 0.13179899752140045,
    "fastervqa_score": 0.3924212854766866,
    "video": "../vd_test_1/cpvs/AVT-Faces_lighting1__V4-0005_3500k_1080_hevc.mkv"
}