{
    "fastervqa_raw": 0.1402631253004074,
    "fastervqa_score": 0.4494467297888065,
    "video": "../vd_test_1/cpvs/AVT-Faces_lighting1__V4-0012_7000k_2160_hevc.mkv"
}