{
    "fastervqa_raw": 0.13232620060443878,
    "fastervqa_score": 0.3959053423456413,
    "video": "../vd_test_1/cpvs/AVT-Faces_lighting1__V4-0012_1000k_1080_hevc.mkv"
}