{
    "fastervqa_raw": 0.12445669621229172,
    "fastervqa_score": 0.3451698407833661,
    "video": "../vd_test_1/cpvs/AVT-Faces_lighting1__V4-0012_400k_720_hevc.mkv"
}