{
    "fastervqa_raw": 0.14207613468170166,
    "fastervqa_score": 0.46189092953433974,
    "video": "../vd_test_1/cpvs/AVT-Faces_lighting1__V4-0005_15000k_2160_hevc.mkv"
}