{
    "fastervqa_raw": 0.1415175348520279,
    "fastervqa_score": 0.45805099488232476,
    "video": "../vd_test_1/cpvs/AVT-Faces_lighting1__V4-0005_3500k_2160_hevc.mkv"
}