{
    "fastervqa_raw": 0.06866365671157837,
    "fastervqa_score": 0.10116229186451753,
    "video": "../vd_test_1/cpvs/BunnyAnimation_100k_360_hevc.mkv"
}