{
    "fastervqa_raw": 0.10864658653736115,
    "fastervqa_score": 0.25390853302572736,
    "video": "../vd_test_1/cpvs/BunnyAnimation_3500k_1080_hevc.mkv"
}