{
    "fastervqa_raw": 0.12981532514095306,
    "fastervqa_score": 0.3794124904801526,
    "video": "../vd_test_1/cpvs/BunnyAnimation_7000k_2160_hevc.mkv"
}