{
    "fastervqa_raw": 0.08067332953214645,
    "fastervqa_score": 0.1356363326469098,
    "video": "../vd_test_1/cpvs/BunnyAnimation_1000k_720_hevc.mkv"
}