{
    "fastervqa_raw": 0.12905628979206085,
    "fastervqa_score": 0.37447916529500785,
    "video": "../vd_test_1/cpvs/BunnyAnimation_3500k_2160_hevc.mkv"
}