{
    "fastervqa_raw": 0.10499831289052963,
    "fastervqa_score": 0.23526123196789872,
    "video": "../vd_test_1/cpvs/BunnyAnimation_1000k_1080_hevc.mkv"
}