{
    "fastervqa_raw": 0.12957389652729034,
    "fastervqa_score": 0.3778405730700581,
    "video": "../vd_test_1/cpvs/BunnyAnimation_15000k_2160_hevc.mkv"
}