{
    "fastervqa_raw": 0.10303570330142975,
    "fastervqa_score": 0.22563027126727675,
    "video": "../vd_test_1/cpvs/cutting_orange_tuil_8s_400k_720_hevc.mkv"
}