{
    "fastervqa_raw": 0.10817844420671463,
    "fastervqa_score": 0.2514620821431379,
    "video": "../vd_test_1/cpvs/cutting_orange_tuil_8s_3500k_2160_hevc.mkv"
}