{
    "fastervqa_raw": 0.10518784075975418,
    "fastervqa_score": 0.23620619916959837,
    "video": "../vd_test_1/cpvs/cutting_orange_tuil_8s_15000k_2160_hevc.mkv"
}