{
    "fastervqa_raw": 0.10634302347898483,
    "fastervqa_score": 0.24202236179835707,
    "video": "../vd_test_1/cpvs/cutting_orange_tuil_8s_1000k_1080_hevc.mkv"
}