{
    "fastervqa_raw": 0.09407014399766922,
    "fastervqa_score": 0.1852359808342801,
    "video": "../vd_test_1/cpvs/cutting_orange_tuil_8s_100k_360_hevc.mkv"
}