{
    "fastervqa_raw": 0.11013337969779968,
    "fastervqa_score": 0.2617818129104673,
    "video": "../vd_test_1/cpvs/cutting_orange_tuil_8s_7000k_2160_hevc.mkv"
}