{
    "fastervqa_raw": 0.10883437842130661,
    "fastervqa_score": 0.2548943100973956,
    "video": "../vd_test_1/cpvs/cutting_orange_tuil_8s_7000k_1080_hevc.mkv"
}