{
    "fastervqa_raw": 0.1010294109582901,
    "fastervqa_score": 0.21607722862913398,
    "video": "../vd_test_1/cpvs/DialogMeridian_1000k_1080_hevc.mkv"
}