{
    "fastervqa_raw": 0.09830611199140549,
    "fastervqa_score": 0.20358444797391662,
    "video": "../vd_test_1/cpvs/DialogMeridian_400k_360_hevc.mkv"
}