{
    "fastervqa_raw": 0.11492875218391418,
    "fastervqa_score": 0.28822526295404627,
    "video": "../vd_test_1/cpvs/DialogMeridian_7000k_2160_hevc.mkv"
}