{
    "fastervqa_raw": 0.11136442422866821,
    "fastervqa_score": 0.2684188206695743,
    "video": "../vd_test_1/cpvs/DialogMeridian_7000k_1080_hevc.mkv"
}