{
    "fastervqa_raw": 0.11557292938232422,
    "fastervqa_score": 0.2918963006417638,
    "video": "../vd_test_1/cpvs/DialogMeridian_15000k_2160_hevc.mkv"
}