{
    "fastervqa_raw": 0.10406512767076492,
    "fastervqa_score": 0.23064671855545843,
    "video": "../vd_test_1/cpvs/DialogMeridian_3500k_2160_hevc.mkv"
}