{
    "fastervqa_raw": 0.10166464000940323,
    "fastervqa_score": 0.21906985292173045,
    "video": "../vd_test_1/cpvs/DialogMeridian_1000k_720_hevc.mkv"
}