{
    "fastervqa_raw": 0.09825007617473602,
    "fastervqa_score": 0.20333312738189052,
    "video": "../vd_test_1/cpvs/fr-041_debris_3840x2160_60p_422_ffvhuff_4_8s_3500k_2160_hevc.mkv"
}