{
    "fastervqa_raw": 0.11608979851007462,
    "fastervqa_score": 0.2948616169868487,
    "video": "../vd_test_1/cpvs/fr-041_debris_3840x2160_60p_422_ffvhuff_4_8s_15000k_2160_hevc.mkv"
}