{
    "fastervqa_raw": 0.07946524769067764,
    "fastervqa_score": 0.13176421852050257,
    "video": "../vd_test_1/cpvs/fr-041_debris_3840x2160_60p_422_ffvhuff_4_8s_1000k_1080_hevc.mkv"
}