{
    "fastervqa_raw": 0.11202450096607208,
    "fastervqa_score": 0.27202109355182197,
    "video": "../vd_test_1/cpvs/fr-041_debris_3840x2160_60p_422_ffvhuff_4_8s_7000k_2160_hevc.mkv"
}