{
    "fastervqa_raw": 0.08981815725564957,
    "fastervqa_score": 0.168129958543074,
    "video": "../vd_test_1/cpvs/fr-041_debris_3840x2160_60p_422_ffvhuff_4_8s_3500k_1080_hevc.mkv"
}