{
    "fastervqa_raw": 0.07868440449237823,
    "fastervqa_score": 0.12931166893165819,
    "video": "../vd_test_1/cpvs/fr-041_debris_3840x2160_60p_422_ffvhuff_4_8s_400k_360_hevc.mkv"
}