{
    "fastervqa_raw": 0.07570970803499222,
    "fastervqa_score": 0.1203223227836314,
    "video": "../vd_test_1/cpvs/fr-041_debris_3840x2160_60p_422_ffvhuff_4_8s_1000k_720_hevc.mkv"
}