{
    "fastervqa_raw": 0.07495482265949249,
    "fastervqa_score": 0.11812860039902144,
    "video": "../vd_test_1/cpvs/water_netflix_8s_15000k_2160_hevc.mkv"
}