{
    "fastervqa_raw": 0.06467874348163605,
    "fastervqa_score": 0.09156648608074153,
    "video": "../vd_test_1/cpvs/water_netflix_8s_1000k_1080_hevc.mkv"
}