{
    "fastervqa_raw": 0.06751903146505356,
    "fastervqa_score": 0.09831814083374348,
    "video": "../vd_test_1/cpvs/water_netflix_8s_3500k_1080_hevc.mkv"
}