{
    "fastervqa_raw": 0.06617486476898193,
    "fastervqa_score": 0.09506930921378956,
    "video": "../vd_test_1/cpvs/water_netflix_8s_7000k_2160_hevc.mkv"
}