{
    "fastervqa_raw": 0.06509765237569809,
    "fastervqa_score": 0.09253539591067099,
    "video": "../vd_test_1/cpvs/water_netflix_8s_100k_360_hevc.mkv"
}