{
    "fastervqa_raw": 0.07357783615589142,
    "fastervqa_score": 0.11421621549112917,
    "video": "../vd_test_1/cpvs/water_netflix_8s_3500k_2160_hevc.mkv"
}