{
    "fastervqa_raw": 0.05479900911450386,
    "fastervqa_score": 0.07122174929358326,
    "video": "../vd_test_1/cpvs/water_netflix_8s_400k_720_hevc.mkv"
}