{
    "fastervqa_raw": 0.065468929708004,
    "fastervqa_score": 0.09340182284164165,
    "video": "../vd_test_2/upscaled_h265_420_main/american_football_harmonic_8s_1080p_crf30_hevc.mkv"
}