{
    "fastervqa_raw": 0.061603106558322906,
    "fastervqa_score": 0.0847281927065994,
    "video": "../vd_test_2/upscaled_h265_420_main/american_football_harmonic_8s_720p_crf30_hevc.mkv"
}