{
    "fastervqa_raw": 0.06805747002363205,
    "fastervqa_score": 0.09964706446051834,
    "video": "../vd_test_2/upscaled_h265_420_main/american_football_harmonic_8s_1080p_crf22_hevc.mkv"
}