{
    "fastervqa_raw": 0.06756740808486938,
    "fastervqa_score": 0.0984368908745589,
    "video": "../vd_test_2/upscaled_h265_420_main/american_football_harmonic_8s_2160p_crf38_hevc.mkv"
}