{
    "fastervqa_raw": 0.06419828534126282,
    "fastervqa_score": 0.09046645624977573,
    "video": "../vd_test_2/upscaled_h265_420_main/american_football_harmonic_8s_360p_crf30_hevc.mkv"
}