{
    "fastervqa_raw": 0.059946704655885696,
    "fastervqa_score": 0.0812403466386295,
    "video": "../vd_test_2/upscaled_h265_420_main/american_football_harmonic_8s_2160p_crf30_hevc.mkv"
}