{
    "fastervqa_raw": 0.0692673772573471,
    "fastervqa_score": 0.10269164259776911,
    "video": "../vd_test_2/upscaled_h265_420_main/american_football_harmonic_8s_2160p_crf22_hevc.mkv"
}