{
    "fastervqa_raw": 0.060935720801353455,
    "fastervqa_score": 0.08330683903951569,
    "video": "../vd_test_2/upscaled_h265_420_main/american_football_harmonic_8s_360p_crf22_hevc.mkv"
}