{
    "fastervqa_raw": 0.06652447581291199,
    "fastervqa_score": 0.09590495058598457,
    "video": "../vd_test_2/upscaled_h265_420_main/american_football_harmonic_8s_360p_crf38_hevc.mkv"
}