{
    "fastervqa_raw": 0.059469498693943024,
    "fastervqa_score": 0.08026005383094971,
    "video": "../vd_test_2/upscaled_h265_420_main/american_football_harmonic_8s_720p_crf38_hevc.mkv"
}