{
    "fastervqa_raw": 0.06818702071905136,
    "fastervqa_score": 0.09996918476650411,
    "video": "../vd_test_2/upscaled_h265_420_main/american_football_harmonic_8s_720p_crf22_hevc.mkv"
}