{
    "fastervqa_raw": 0.06170492619276047,
    "fastervqa_score": 0.08494696658758158,
    "video": "../vd_test_2/upscaled_h265_420_main/american_football_harmonic_8s_1080p_crf38_hevc.mkv"
}