{
    "fastervqa_raw": 0.12496089935302734,
    "fastervqa_score": 0.34833049499811775,
    "video": "../vd_test_2/upscaled_h265_420_main/AVT-Faces_lightingLoop__V8-0032_360p_crf30_hevc.mkv"
}