{
    "fastervqa_raw": 0.11132888495922089,
    "fastervqa_score": 0.2682257293489505,
    "video": "../vd_test_2/upscaled_h265_420_main/AVT-Faces_lightingLoop__V8-0019_360p_crf30_hevc.mkv"
}