{
    "fastervqa_raw": 0.11775176227092743,
    "fastervqa_score": 0.30451393540522487,
    "video": "../vd_test_2/upscaled_h265_420_main/AVT-Faces_lightingLoop__V8-0032_360p_crf38_hevc.mkv"
}