{
    "fastervqa_raw": 0.10855068266391754,
    "fastervqa_score": 0.2534060754397704,
    "video": "../vd_test_2/upscaled_h265_420_main/AVT-Faces_lightingLoop__V8-0019_360p_crf38_hevc.mkv"
}