{
    "fastervqa_raw": 0.09920274466276169,
    "fastervqa_score": 0.20763729555696858,
    "video": "../vd_test_2/upscaled_h265_420_main/AVT-Faces_lightingLoop__V8-0019_720p_crf22_hevc.mkv"
}