{
    "fastervqa_raw": 0.10522840917110443,
    "fastervqa_score": 0.23640880956630897,
    "video": "../vd_test_2/upscaled_h265_420_main/AVT-Faces_lightingLoop__V8-0019_720p_crf38_hevc.mkv"
}