{
    "fastervqa_raw": 0.10081195831298828,
    "fastervqa_score": 0.21505961721036582,
    "video": "../vd_test_2/upscaled_h265_420_main/AVT-Faces_lightingLoop__V8-0019_360p_crf22_hevc.mkv"
}