{
    "fastervqa_raw": 0.12610812485218048,
    "fastervqa_score": 0.35557160356143547,
    "video": "../vd_test_2/upscaled_h265_420_main/AVT-Faces_lightingLoop__V8-0032_1080p_crf38_hevc.mkv"
}