{
    "fastervqa_raw": 0.11141262203454971,
    "fastervqa_score": 0.26868082868237536,
    "video": "../vd_test_2/upscaled_h265_420_main/AVT-Faces_lightingLoop__V8-0019_1080p_crf38_hevc.mkv"
}