{
    "fastervqa_raw": 0.12552686035633087,
    "fastervqa_score": 0.351894244138107,
    "video": "../vd_test_2/upscaled_h265_420_main/AVT-Faces_lightingLoop__V8-0032_720p_crf30_hevc.mkv"
}