{
    "fastervqa_raw": 0.1324758678674698,
    "fastervqa_score": 0.3968963740564946,
    "video": "../vd_test_2/upscaled_h265_420_main/AVT-Faces_lightingLoop__V8-0032_2160p_crf38_hevc.mkv"
}