{
    "fastervqa_raw": 0.11675529181957245,
    "fastervqa_score": 0.2987052824003664,
    "video": "../vd_test_2/upscaled_h265_420_main/AVT-Faces_lightingLoop__V8-0019_2160p_crf22_hevc.mkv"
}