{
    "fastervqa_raw": 0.11373714357614517,
    "fastervqa_score": 0.28150750374010314,
    "video": "../vd_test_2/upscaled_h265_420_main/AVT-Faces_lightingLoop__V8-0019_1080p_crf30_hevc.mkv"
}