{
    "fastervqa_raw": 0.11435691267251968,
    "fastervqa_score": 0.2849895917058986,
    "video": "../vd_test_2/upscaled_h265_420_main/AVT-Faces_lightingLoop__V8-0019_1080p_crf22_hevc.mkv"
}