{
    "fastervqa_raw": 0.10347502678632736,
    "fastervqa_score": 0.22776161566087108,
    "video": "../vd_test_2/upscaled_h265_420_main/AVT-Faces_lightingLoop__V8-0019_720p_crf30_hevc.mkv"
}