{
    "fastervqa_raw": 0.1337176263332367,
    "fastervqa_score": 0.40515071725057683,
    "video": "../vd_test_2/upscaled_h265_420_main/AVT-Faces_lightingLoop__V8-0032_1080p_crf22_hevc.mkv"
}