{
    "fastervqa_raw": 0.13200685381889343,
    "fastervqa_score": 0.39379363153912766,
    "video": "../vd_test_2/upscaled_h265_420_main/AVT-Faces_lightingLoop__V8-0032_720p_crf22_hevc.mkv"
}