{
    "fastervqa_raw": 0.13821817934513092,
    "fastervqa_score": 0.4354868769078086,
    "video": "../vd_test_2/upscaled_h265_420_main/AVT-Faces_lightingLoop__V8-0032_2160p_crf22_hevc.mkv"
}