{
    "fastervqa_raw": 0.1286710649728775,
    "fastervqa_score": 0.371985279650802,
    "video": "../vd_test_2/upscaled_h265_420_main/AVT-Faces_lightingLoop__V8-0019_2160p_crf30_hevc.mkv"
}