{
    "fastervqa_raw": 0.11869356036186218,
    "fastervqa_score": 0.3100617869732033,
    "video": "../vd_test_2/upscaled_h265_420_main/AVT-Faces_lightingLoop__V8-0032_720p_crf38_hevc.mkv"
}