{
    "fastervqa_raw": 0.11851460486650467,
    "fastervqa_score": 0.30900333300896676,
    "video": "../vd_test_2/upscaled_h265_420_main/AVT-Faces_lightingLoop__V8-0019_2160p_crf38_hevc.mkv"
}