{
    "fastervqa_raw": 0.12069530785083771,
    "fastervqa_score": 0.3220354516177606,
    "video": "../vd_test_2/upscaled_h265_420_main/AVT-Faces_lightingLoop__V8-0032_360p_crf22_hevc.mkv"
}