{
    "fastervqa_raw": 0.13387742638587952,
    "fastervqa_score": 0.40621696881366803,
    "video": "../vd_test_2/upscaled_h265_420_main/AVT-Faces_lightingLoop__V8-0032_2160p_crf30_hevc.mkv"
}