{
    "fastervqa_raw": 0.1286167949438095,
    "fastervqa_score": 0.3716344875792621,
    "video": "../vd_test_2/upscaled_h265_420_main/AVT-Faces_lightingLoop__V8-0032_1080p_crf30_hevc.mkv"
}