{
    "fastervqa_raw": 0.06931836903095245,
    "fastervqa_score": 0.1028217488396083,
    "video": "../vd_test_2/upscaled_h265_420_main/Chimera-EP09_8s_24000-32000.avi_1080p_crf38_hevc.mkv"
}