{
    "fastervqa_raw": 0.06622801721096039,
    "fastervqa_score": 0.09519593299216055,
    "video": "../vd_test_2/upscaled_h265_420_main/Chimera-EP09_8s_24000-32000.avi_720p_crf30_hevc.mkv"
}