{
    "fastervqa_raw": 0.061439186334609985,
    "fastervqa_score": 0.0843770609060619,
    "video": "../vd_test_2/upscaled_h265_420_main/Chimera-EP09_8s_24000-32000.avi_360p_crf22_hevc.mkv"
}