{
    "fastervqa_raw": 0.09429824352264404,
    "fastervqa_score": 0.18619058124579482,
    "video": "../vd_test_2/upscaled_h265_420_main/Chimera-EP09_8s_24000-32000.avi_720p_crf22_hevc.mkv"
}