{
    "fastervqa_raw": 0.08318937569856644,
    "fastervqa_score": 0.14400872136456372,
    "video": "../vd_test_2/upscaled_h265_420_main/Chimera-EP09_8s_24000-32000.avi_2160p_crf38_hevc.mkv"
}