{
    "fastervqa_raw": 0.09263885021209717,
    "fastervqa_score": 0.17933225247299775,
    "video": "../vd_test_2/upscaled_h265_420_main/Chimera-EP09_8s_24000-32000.avi_1080p_crf22_hevc.mkv"
}