{
    "fastervqa_raw": 0.07009147107601166,
    "fastervqa_score": 0.10481227463198388,
    "video": "../vd_test_2/upscaled_h265_420_main/Chimera-EP09_8s_24000-32000.avi_360p_crf30_hevc.mkv"
}