{
    "fastervqa_raw": 0.07850660383701324,
    "fastervqa_score": 0.1287586764701626,
    "video": "../vd_test_2/upscaled_h265_420_main/Chimera-EP09_8s_24000-32000.avi_1080p_crf30_hevc.mkv"
}