{
    "fastervqa_raw": 0.06830677390098572,
    "fastervqa_score": 0.100267767057932,
    "video": "../vd_test_2/upscaled_h265_420_main/Chimera-EP09_8s_24000-32000.avi_720p_crf38_hevc.mkv"
}