{
    "fastervqa_raw": 0.08462795615196228,
    "fastervqa_score": 0.14898621779510204,
    "video": "../vd_test_2/upscaled_h265_420_main/Chimera-EP09_8s_24000-32000.avi_2160p_crf30_hevc.mkv"
}