{
    "fastervqa_raw": 0.06972255557775497,
    "fastervqa_score": 0.10385820865600963,
    "video": "../vd_test_2/upscaled_h265_420_main/Chimera-EP09_8s_24000-32000.avi_360p_crf38_hevc.mkv"
}