{
    "fastervqa_raw": 0.09703262895345688,
    "fastervqa_score": 0.19792990658638043,
    "video": "../vd_test_2/upscaled_h265_420_main/Chimera-EP09_8s_24000-32000.avi_2160p_crf22_hevc.mkv"
}