{
    "fastervqa_raw": 0.12328875809907913,
    "fastervqa_score": 0.33790119560417564,
    "video": "../vd_test_2/upscaled_h265_420_main/CSGO_8s_23000-31000.avi_2160p_crf30_hevc.mkv"
}