{
    "fastervqa_raw": 0.08003062754869461,
    "fastervqa_score": 0.1335645553844123,
    "video": "../vd_test_2/upscaled_h265_420_main/CSGO_8s_23000-31000.avi_720p_crf38_hevc.mkv"
}