{
    "fastervqa_raw": 0.1258649379014969,
    "fastervqa_score": 0.35403098138304434,
    "video": "../vd_test_2/upscaled_h265_420_main/CSGO_8s_23000-31000.avi_2160p_crf22_hevc.mkv"
}