{
    "fastervqa_raw": 0.07746366411447525,
    "fastervqa_score": 0.12555540800593862,
    "video": "../vd_test_2/upscaled_h265_420_main/CSGO_8s_23000-31000.avi_720p_crf30_hevc.mkv"
}