{
    "fastervqa_raw": 0.0838562473654747,
    "fastervqa_score": 0.1462986839761497,
    "video": "../vd_test_2/upscaled_h265_420_main/CSGO_8s_23000-31000.avi_720p_crf22_hevc.mkv"
}