{
    "fastervqa_raw": 0.0781155452132225,
    "fastervqa_score": 0.1275495020170961,
    "video": "../vd_test_2/upscaled_h265_420_main/CSGO_8s_23000-31000.avi_360p_crf30_hevc.mkv"
}