{
    "fastervqa_raw": 0.10386490076780319,
    "fastervqa_score": 0.22966491543596626,
    "video": "../vd_test_2/upscaled_h265_420_main/CSGO_8s_23000-31000.avi_2160p_crf38_hevc.mkv"
}