{
    "fastervqa_raw": 0.059334758669137955,
    "fastervqa_score": 0.07998522700391912,
    "video": "../vd_test_2/upscaled_h265_420_main/CSGO_8s_23000-31000.avi_360p_crf22_hevc.mkv"
}