{
    "fastervqa_raw": 0.11030986905097961,
    "fastervqa_score": 0.2627267984652072,
    "video": "../vd_test_2/upscaled_h265_420_main/CSGO_8s_23000-31000.avi_1080p_crf30_hevc.mkv"
}