{
    "fastervqa_raw": 0.10846822708845139,
    "fastervqa_score": 0.25297460135868854,
    "video": "../vd_test_2/upscaled_h265_420_main/CSGO_8s_23000-31000.avi_1080p_crf22_hevc.mkv"
}