{
    "fastervqa_raw": 0.0750298872590065,
    "fastervqa_score": 0.11834518007448254,
    "video": "../vd_test_2/upscaled_h265_420_main/CSGO_8s_23000-31000.avi_360p_crf38_hevc.mkv"
}