{
    "fastervqa_raw": 0.08938007801771164,
    "fastervqa_score": 0.1664411445558252,
    "video": "../vd_test_2/upscaled_h265_420_main/CSGO_8s_23000-31000.avi_1080p_crf38_hevc.mkv"
}