{
    "fastervqa_raw": 0.08963552862405777,
    "fastervqa_score": 0.16742426132785973,
    "video": "../vd_test_2/upscaled_h265_420_main/DialogMeridian_720p_crf38_hevc.mkv"
}