{
    "fastervqa_raw": 0.09214630722999573,
    "fastervqa_score": 0.17733493651797438,
    "video": "../vd_test_2/upscaled_h265_420_main/DialogMeridian_360p_crf30_hevc.mkv"
}