{
    "fastervqa_raw": 0.10801687836647034,
    "fastervqa_score": 0.2506214025758558,
    "video": "../vd_test_2/upscaled_h265_420_main/DialogMeridian_720p_crf22_hevc.mkv"
}