{
    "fastervqa_raw": 0.10775762796401978,
    "fastervqa_score": 0.24927635269537668,
    "video": "../vd_test_2/upscaled_h265_420_main/DialogMeridian_1080p_crf22_hevc.mkv"
}