{
    "fastervqa_raw": 0.08966768532991409,
    "fastervqa_score": 0.16754834651272602,
    "video": "../vd_test_2/upscaled_h265_420_main/DialogMeridian_1080p_crf30_hevc.mkv"
}