{
    "fastervqa_raw": 0.09018529206514359,
    "fastervqa_score": 0.16955578600652713,
    "video": "../vd_test_2/upscaled_h265_420_main/DialogMeridian_360p_crf22_hevc.mkv"
}