{
    "fastervqa_raw": 0.12019149214029312,
    "fastervqa_score": 0.3189989272023782,
    "video": "../vd_test_2/upscaled_h265_420_main/DialogMeridian_2160p_crf22_hevc.mkv"
}