{
    "fastervqa_raw": 0.09222960472106934,
    "fastervqa_score": 0.17767148679212139,
    "video": "../vd_test_2/upscaled_h265_420_main/DialogMeridian_1080p_crf38_hevc.mkv"
}