{
    "fastervqa_raw": 0.11697083711624146,
    "fastervqa_score": 0.29995634842356284,
    "video": "../vd_test_2/upscaled_h265_420_main/DialogMeridian_2160p_crf30_hevc.mkv"
}