{
    "fastervqa_raw": 0.09262076765298843,
    "fastervqa_score": 0.17925861588142247,
    "video": "../vd_test_2/upscaled_h265_420_main/DialogMeridian_720p_crf30_hevc.mkv"
}