{
    "fastervqa_raw": 0.10334032028913498,
    "fastervqa_score": 0.22710659177676687,
    "video": "../vd_test_2/upscaled_h265_420_main/DialogMeridian_2160p_crf38_hevc.mkv"
}