{
    "fastervqa_raw": 0.10043521225452423,
    "fastervqa_score": 0.21330480868396948,
    "video": "../vd_test_2/upscaled_h265_420_main/DialogMeridian_360p_crf38_hevc.mkv"
}