{
    "fastervqa_raw": 0.06812191009521484,
    "fastervqa_score": 0.09980717542907316,
    "video": "../vd_test_2/upscaled_h265_420_main/ElFuente_8s_224000-231750.avi_1080p_crf30_hevc.mkv"
}