{
    "fastervqa_raw": 0.0748516395688057,
    "fastervqa_score": 0.11783145230554762,
    "video": "../vd_test_2/upscaled_h265_420_main/ElFuente_8s_224000-231750.avi_2160p_crf30_hevc.mkv"
}