{
    "fastervqa_raw": 0.06989435851573944,
    "fastervqa_score": 0.10430155566990798,
    "video": "../vd_test_2/upscaled_h265_420_main/ElFuente_8s_224000-231750.avi_2160p_crf38_hevc.mkv"
}