{
    "fastervqa_raw": 0.06511568278074265,
    "fastervqa_score": 0.09257730508203557,
    "video": "../vd_test_2/upscaled_h265_420_main/ElFuente_8s_224000-231750.avi_1080p_crf38_hevc.mkv"
}