{
    "fastervqa_raw": 0.06751252710819244,
    "fastervqa_score": 0.09830218433291378,
    "video": "../vd_test_2/upscaled_h265_420_main/ElFuente_8s_224000-231750.avi_720p_crf22_hevc.mkv"
}