{
    "fastervqa_raw": 0.06625047326087952,
    "fastervqa_score": 0.09524947482923157,
    "video": "../vd_test_2/upscaled_h265_420_main/ElFuente_8s_224000-231750.avi_720p_crf38_hevc.mkv"
}