{
    "fastervqa_raw": 0.06861703842878342,
    "fastervqa_score": 0.10104504251141909,
    "video": "../vd_test_2/upscaled_h265_420_main/ElFuente_8s_224000-231750.avi_360p_crf30_hevc.mkv"
}