{
    "fastervqa_raw": 0.08008314669132233,
    "fastervqa_score": 0.13373284373606292,
    "video": "../vd_test_2/upscaled_h265_420_main/ElFuente_8s_224000-231750.avi_360p_crf38_hevc.mkv"
}