{
    "fastervqa_raw": 0.09202071279287338,
    "fastervqa_score": 0.17682843792180955,
    "video": "../vd_test_2/upscaled_h265_420_main/ElFuente_8s_224000-231750.avi_2160p_crf22_hevc.mkv"
}