{
    "fastervqa_raw": 0.07117786258459091,
    "fastervqa_score": 0.10766689365864547,
    "video": "../vd_test_2/upscaled_h265_420_main/ElFuente_8s_224000-231750.avi_1080p_crf22_hevc.mkv"
}