{
    "fastervqa_raw": 0.05874066427350044,
    "fastervqa_score": 0.07878368404853855,
    "video": "../vd_test_2/upscaled_h265_420_main/ElFuente_8s_224000-231750.avi_360p_crf22_hevc.mkv"
}