{
    "fastervqa_raw": 0.06469354033470154,
    "fastervqa_score": 0.09160055429762315,
    "video": "../vd_test_2/upscaled_h265_420_main/ElFuente_8s_224000-231750.avi_720p_crf30_hevc.mkv"
}