{
    "fastervqa_raw": 0.07467257976531982,
    "fastervqa_score": 0.11731733047655103,
    "video": "../vd_test_2/upscaled_h265_420_main/fr-041_debris_3840x2160_60p_422_ffvhuff_4_8s_360p_crf22_hevc.mkv"
}