{
    "fastervqa_raw": 0.10160859674215317,
    "fastervqa_score": 0.21880463266669153,
    "video": "../vd_test_2/upscaled_h265_420_main/fr-041_debris_3840x2160_60p_422_ffvhuff_4_8s_1080p_crf22_hevc.mkv"
}