{
    "fastervqa_raw": 0.07586479187011719,
    "fastervqa_score": 0.12077733349587579,
    "video": "../vd_test_2/upscaled_h265_420_main/fr-041_debris_3840x2160_60p_422_ffvhuff_4_8s_720p_crf38_hevc.mkv"
}