{
    "fastervqa_raw": 0.12211892753839493,
    "fastervqa_score": 0.3306967208292105,
    "video": "../vd_test_2/upscaled_h265_420_main/fr-041_debris_3840x2160_60p_422_ffvhuff_4_8s_2160p_crf22_hevc.mkv"
}