{
    "fastervqa_raw": 0.09964744001626968,
    "fastervqa_score": 0.20966932316064862,
    "video": "../vd_test_2/upscaled_h265_420_main/fr-041_debris_3840x2160_60p_422_ffvhuff_4_8s_1080p_crf30_hevc.mkv"
}