{
    "fastervqa_raw": 0.07902894169092178,
    "fastervqa_score": 0.130388998752743,
    "video": "../vd_test_2/upscaled_h265_420_main/fr-041_debris_3840x2160_60p_422_ffvhuff_4_8s_360p_crf30_hevc.mkv"
}