{
    "fastervqa_raw": 0.11306951195001602,
    "fastervqa_score": 0.2777856026098292,
    "video": "../vd_test_2/upscaled_h265_420_main/fr-041_debris_3840x2160_60p_422_ffvhuff_4_8s_2160p_crf38_hevc.mkv"
}