{
    "fastervqa_raw": 0.08779224008321762,
    "fastervqa_score": 0.16043366139462398,
    "video": "../vd_test_2/upscaled_h265_420_main/fr-041_debris_3840x2160_60p_422_ffvhuff_4_8s_720p_crf22_hevc.mkv"
}