{
    "fastervqa_raw": 0.11648675799369812,
    "fastervqa_score": 0.29715086016981845,
    "video": "../vd_test_2/upscaled_h265_420_main/fr-041_debris_3840x2160_60p_422_ffvhuff_4_8s_2160p_crf30_hevc.mkv"
}