{
    "fastervqa_raw": 0.1295805126428604,
    "fastervqa_score": 0.37788361589658376,
    "video": "../vd_test_2/upscaled_h265_420_main/Knitting_Close_ds_1080p_crf22_hevc.mkv"
}