{
    "fastervqa_raw": 0.13391290605068207,
    "fastervqa_score": 0.40645382406606717,
    "video": "../vd_test_2/upscaled_h265_420_main/Knitting_Close_ds_2160p_crf22_hevc.mkv"
}