{
    "fastervqa_raw": 0.1294361650943756,
    "fastervqa_score": 0.37694496426352736,
    "video": "../vd_test_2/upscaled_h265_420_main/Knitting_Close_ds_2160p_crf30_hevc.mkv"
}