{
    "fastervqa_raw": 0.10983780026435852,
    "fastervqa_score": 0.26020409895870733,
    "video": "../vd_test_2/upscaled_h265_420_main/Knitting_Close_ds_360p_crf22_hevc.mkv"
}