{
    "fastervqa_raw": 0.1272401660680771,
    "fastervqa_score": 0.36278227209812175,
    "video": "../vd_test_2/upscaled_h265_420_main/Knitting_Close_ds_720p_crf22_hevc.mkv"
}