{
    "fastervqa_raw": 0.11436434090137482,
    "fastervqa_score": 0.2850314829774524,
    "video": "../vd_test_2/upscaled_h265_420_main/Knitting_Close_ds_720p_crf30_hevc.mkv"
}