{
    "fastervqa_raw": 0.1299368292093277,
    "fastervqa_score": 0.38020455198909026,
    "video": "../vd_test_2/upscaled_h265_420_main/Knitting_Close_ds_2160p_crf38_hevc.mkv"
}