{
    "fastervqa_raw": 0.12920120358467102,
    "fastervqa_score": 0.37541905082597815,
    "video": "../vd_test_2/upscaled_h265_420_main/Knitting_Close_ds_1080p_crf30_hevc.mkv"
}