{
    "fastervqa_raw": 0.11098653078079224,
    "fastervqa_score": 0.26637016920034556,
    "video": "../vd_test_2/upscaled_h265_420_main/Knitting_Close_ds_1080p_crf38_hevc.mkv"
}