{
    "fastervqa_raw": 0.11954689025878906,
    "fastervqa_score": 0.3151361932529303,
    "video": "../vd_test_2/upscaled_h265_420_main/Knitting_Close_ds_720p_crf38_hevc.mkv"
}