{
    "fastervqa_raw": 0.10781756788492203,
    "fastervqa_score": 0.249586905613366,
    "video": "../vd_test_2/upscaled_h265_420_main/Knitting_Close_ds_360p_crf30_hevc.mkv"
}