{
    "fastervqa_raw": 0.11459507793188095,
    "fastervqa_score": 0.2863345592590158,
    "video": "../vd_test_2/upscaled_h265_420_main/Knitting_Close_ds_360p_crf38_hevc.mkv"
}