{
    "fastervqa_raw": 0.10700782388448715,
    "fastervqa_score": 0.24541341610400183,
    "video": "../vd_test_2/upscaled_h265_420_main/Moment_of_Intensity_8s_1080p_crf22_hevc.mkv"
}