{
    "fastervqa_raw": 0.08495146781206131,
    "fastervqa_score": 0.15012493110849431,
    "video": "../vd_test_2/upscaled_h265_420_main/Moment_of_Intensity_8s_720p_crf22_hevc.mkv"
}