{
    "fastervqa_raw": 0.08838625997304916,
    "fastervqa_score": 0.16266030378721408,
    "video": "../vd_test_2/upscaled_h265_420_main/Moment_of_Intensity_8s_360p_crf38_hevc.mkv"
}