{
    "fastervqa_raw": 0.07359934598207474,
    "fastervqa_score": 0.11427645339276842,
    "video": "../vd_test_2/upscaled_h265_420_main/Moment_of_Intensity_8s_360p_crf22_hevc.mkv"
}