{
    "fastervqa_raw": 0.09868299216032028,
    "fastervqa_score": 0.2052807614724189,
    "video": "../vd_test_2/upscaled_h265_420_main/Moment_of_Intensity_8s_2160p_crf38_hevc.mkv"
}