{
    "fastervqa_raw": 0.08631020784378052,
    "fastervqa_score": 0.15498588699144522,
    "video": "../vd_test_2/upscaled_h265_420_main/Moment_of_Intensity_8s_720p_crf38_hevc.mkv"
}