{
    "fastervqa_raw": 0.09909322112798691,
    "fastervqa_score": 0.20713906594121784,
    "video": "../vd_test_2/upscaled_h265_420_main/Moment_of_Intensity_8s_1080p_crf30_hevc.mkv"
}