{
    "fastervqa_raw": 0.10349633544683456,
    "fastervqa_score": 0.22786535309318476,
    "video": "../vd_test_2/upscaled_h265_420_main/Moment_of_Intensity_8s_2160p_crf22_hevc.mkv"
}