{
    "fastervqa_raw": 0.0933561697602272,
    "fastervqa_score": 0.1822724412411334,
    "video": "../vd_test_2/upscaled_h265_420_main/Moment_of_Intensity_8s_1080p_crf38_hevc.mkv"
}