{
    "fastervqa_raw": 0.08604114502668381,
    "fastervqa_score": 0.1540132042134804,
    "video": "../vd_test_2/upscaled_h265_420_main/Moment_of_Intensity_8s_360p_crf30_hevc.mkv"
}