{
    "fastervqa_raw": 0.09329696744680405,
    "fastervqa_score": 0.18202836814091838,
    "video": "../vd_test_2/upscaled_h265_420_main/Moment_of_Intensity_8s_720p_crf30_hevc.mkv"
}