{
    "fastervqa_raw": 0.10628688335418701,
    "fastervqa_score": 0.2417374641582658,
    "video": "../vd_test_2/upscaled_h265_420_main/Moment_of_Intensity_8s_2160p_crf30_hevc.mkv"
}