{
    "fastervqa_raw": 0.12449237704277039,
    "fastervqa_score": 0.34539306460907243,
    "video": "../vd_test_2/upscaled_h265_420_main/monkeys_harmonic_0_cropped_8s_1080p_crf22_hevc.mkv"
}