{
    "fastervqa_raw": 0.12242953479290009,
    "fastervqa_score": 0.33260205852727454,
    "video": "../vd_test_2/upscaled_h265_420_main/monkeys_harmonic_0_cropped_8s_1080p_crf30_hevc.mkv"
}