{
    "fastervqa_raw": 0.125118687748909,
    "fastervqa_score": 0.34932237401299115,
    "video": "../vd_test_2/upscaled_h265_420_main/monkeys_harmonic_0_cropped_8s_2160p_crf38_hevc.mkv"
}