{
    "fastervqa_raw": 0.09225320816040039,
    "fastervqa_score": 0.1777669437346442,
    "video": "../vd_test_2/upscaled_h265_420_main/monkeys_harmonic_0_cropped_8s_360p_crf30_hevc.mkv"
}