{
    "fastervqa_raw": 0.11718276143074036,
    "fastervqa_score": 0.30118931202742405,
    "video": "../vd_test_2/upscaled_h265_420_main/monkeys_harmonic_0_cropped_8s_720p_crf22_hevc.mkv"
}