{
    "fastervqa_raw": 0.10667425394058228,
    "fastervqa_score": 0.2437079250142217,
    "video": "../vd_test_2/upscaled_h265_420_main/monkeys_harmonic_0_cropped_8s_720p_crf30_hevc.mkv"
}