{
    "fastervqa_raw": 0.10044025629758835,
    "fastervqa_score": 0.21332823376045168,
    "video": "../vd_test_2/upscaled_h265_420_main/monkeys_harmonic_0_cropped_8s_1080p_crf38_hevc.mkv"
}