{
    "fastervqa_raw": 0.1319531947374344,
    "fastervqa_score": 0.3934391924938521,
    "video": "../vd_test_2/upscaled_h265_420_main/monkeys_harmonic_0_cropped_8s_2160p_crf30_hevc.mkv"
}