{
    "fastervqa_raw": 0.12953855097293854,
    "fastervqa_score": 0.37761065618961653,
    "video": "../vd_test_2/upscaled_h265_420_main/monkeys_harmonic_0_cropped_8s_2160p_crf22_hevc.mkv"
}