{
    "fastervqa_raw": 0.09650067985057831,
    "fastervqa_score": 0.1956032260833632,
    "video": "../vd_test_2/upscaled_h265_420_main/monkeys_harmonic_0_cropped_8s_360p_crf38_hevc.mkv"
}