{
    "fastervqa_raw": 0.09921184927225113,
    "fastervqa_score": 0.20767875279960504,
    "video": "../vd_test_2/upscaled_h265_420_main/monkeys_harmonic_0_cropped_8s_720p_crf38_hevc.mkv"
}