{
    "fastervqa_raw": 0.09979837387800217,
    "fastervqa_score": 0.21036232516010833,
    "video": "../vd_test_2/upscaled_h265_420_main/monkeys_harmonic_0_cropped_8s_360p_crf22_hevc.mkv"
}