{
    "fastervqa_raw": 0.05399618297815323,
    "fastervqa_score": 0.06976599365921858,
    "video": "../vd_test_2/upscaled_h265_420_main/ReadySetGoJockeyConcat_8s_0-8000.avi_360p_crf30_hevc.mkv"
}