{
    "fastervqa_raw": 0.07575094699859619,
    "fastervqa_score": 0.12044317188057128,
    "video": "../vd_test_2/upscaled_h265_420_main/ReadySetGoJockeyConcat_8s_0-8000.avi_1080p_crf22_hevc.mkv"
}