{
    "fastervqa_raw": 0.07632508873939514,
    "fastervqa_score": 0.12213657670676412,
    "video": "../vd_test_2/upscaled_h265_420_main/Reading_Stairs_ds_1080p_crf38_hevc.mkv"
}