{
    "fastervqa_raw": 0.059381045401096344,
    "fastervqa_score": 0.08007954020256429,
    "video": "../vd_test_2/upscaled_h265_420_main/ReadySetGoJockeyConcat_8s_0-8000.avi_360p_crf38_hevc.mkv"
}