{
    "fastervqa_raw": 0.07859281450510025,
    "fastervqa_score": 0.12902655525294612,
    "video": "../vd_test_2/upscaled_h265_420_main/ReadySetGoJockeyConcat_8s_0-8000.avi_2160p_crf30_hevc.mkv"
}