{
    "fastervqa_raw": 0.05326887592673302,
    "fastervqa_score": 0.06847098604680914,
    "video": "../vd_test_2/upscaled_h265_420_main/ReadySetGoJockeyConcat_8s_0-8000.avi_360p_crf22_hevc.mkv"
}