{
    "fastervqa_raw": 0.11970705538988113,
    "fastervqa_score": 0.3160936154234984,
    "video": "../vd_test_2/upscaled_h265_420_main/Reading_Stairs_ds_2160p_crf22_hevc.mkv"
}