{
    "fastervqa_raw": 0.08987800031900406,
    "fastervqa_score": 0.16836171443202252,
    "video": "../vd_test_2/upscaled_h265_420_main/Reading_Stairs_ds_1080p_crf30_hevc.mkv"
}