{
    "fastervqa_raw": 0.1042967215180397,
    "fastervqa_score": 0.23178598870327452,
    "video": "../vd_test_2/upscaled_h265_420_main/Reading_Stairs_ds_1080p_crf22_hevc.mkv"
}