{
    "fastervqa_raw": 0.09362640231847763,
    "fastervqa_score": 0.18338975762380283,
    "video": "../vd_test_2/upscaled_h265_420_main/Reading_Stairs_ds_360p_crf38_hevc.mkv"
}