{
    "fastervqa_raw": 0.11326005309820175,
    "fastervqa_score": 0.27884473571369706,
    "video": "../vd_test_2/upscaled_h265_420_main/Reading_Stairs_ds_2160p_crf38_hevc.mkv"
}