{
    "fastervqa_raw": 0.08056357502937317,
    "fastervqa_score": 0.13528062607303679,
    "video": "../vd_test_2/upscaled_h265_420_main/ReadySetGoJockeyConcat_8s_0-8000.avi_2160p_crf38_hevc.mkv"
}