{
    "fastervqa_raw": 0.06856152415275574,
    "fastervqa_score": 0.10090557625616153,
    "video": "../vd_test_2/upscaled_h265_420_main/ReadySetGoJockeyConcat_8s_0-8000.avi_720p_crf22_hevc.mkv"
}