{
    "fastervqa_raw": 0.07247571647167206,
    "fastervqa_score": 0.11116657704609886,
    "video": "../vd_test_2/upscaled_h265_420_main/ReadySetGoJockeyConcat_8s_0-8000.avi_1080p_crf38_hevc.mkv"
}