{
    "fastervqa_raw": 0.08205714076757431,
    "fastervqa_score": 0.140189105426962,
    "video": "../vd_test_2/upscaled_h265_420_main/ReadySetGoJockeyConcat_8s_0-8000.avi_2160p_crf22_hevc.mkv"
}