{
    "fastervqa_raw": 0.06501984596252441,
    "fastervqa_score": 0.09235474105089264,
    "video": "../vd_test_2/upscaled_h265_420_main/ReadySetGoJockeyConcat_8s_0-8000.avi_720p_crf38_hevc.mkv"
}