{
    "fastervqa_raw": 0.08023472130298615,
    "fastervqa_score": 0.13421954359989827,
    "video": "../vd_test_2/upscaled_h265_420_main/Reading_Stairs_ds_720p_crf38_hevc.mkv"
}