{
    "fastervqa_raw": 0.06434745341539383,
    "fastervqa_score": 0.09080670310290868,
    "video": "../vd_test_2/upscaled_h265_420_main/ReadySetGoJockeyConcat_8s_0-8000.avi_720p_crf30_hevc.mkv"
}