{
    "fastervqa_raw": 0.12388776242733002,
    "fastervqa_score": 0.3416197899436247,
    "video": "../vd_test_2/upscaled_h265_420_main/Reading_Stairs_ds_2160p_crf30_hevc.mkv"
}