{
    "fastervqa_raw": 0.08584562689065933,
    "fastervqa_score": 0.1533095278426577,
    "video": "../vd_test_2/upscaled_h265_420_main/Reading_Stairs_ds_720p_crf30_hevc.mkv"
}