{
    "fastervqa_raw": 0.09583838284015656,
    "fastervqa_score": 0.19273542863608803,
    "video": "../vd_test_2/upscaled_h265_420_main/Reading_Stairs_ds_360p_crf22_hevc.mkv"
}