{
    "fastervqa_raw": 0.07849493622779846,
    "fastervqa_score": 0.12872245863444023,
    "video": "../vd_test_2/upscaled_h265_420_main/Reading_Stairs_ds_720p_crf22_hevc.mkv"
}