{
    "fastervqa_raw": 0.08676641434431076,
    "fastervqa_score": 0.15664656474592217,
    "video": "../vd_test_2/upscaled_h265_420_main/Reading_Stairs_ds_360p_crf30_hevc.mkv"
}