{
    "fastervqa_raw": 0.05762111395597458,
    "fastervqa_score": 0.07656419066298871,
    "video": "../vd_test_2/upscaled_h265_420_main/ReadySetGoJockeyConcat_8s_0-8000.avi_1080p_crf30_hevc.mkv"
}