{
    "fastervqa_raw": 0.0480504035949707,
    "fastervqa_score": 0.05981415828804946,
    "video": "../vd_test_2/upscaled_h265_420_main/Rocket-2_8s_90000-98000.avi_360p_crf30_hevc.mkv"
}