{
    "fastervqa_raw": 0.07341859489679337,
    "fastervqa_score": 0.11377112288407186,
    "video": "../vd_test_2/upscaled_h265_420_main/Rocket-2_8s_90000-98000.avi_720p_crf22_hevc.mkv"
}