{
    "fastervqa_raw": 0.04904254525899887,
    "fastervqa_score": 0.06137702666412583,
    "video": "../vd_test_2/upscaled_h265_420_main/Rocket-2_8s_90000-98000.avi_360p_crf38_hevc.mkv"
}