{
    "fastervqa_raw": 0.07512509077787399,
    "fastervqa_score": 0.1186203598693397,
    "video": "../vd_test_2/upscaled_h265_420_main/Rocket-2_8s_90000-98000.avi_1080p_crf30_hevc.mkv"
}