{
    "fastervqa_raw": 0.0748714730143547,
    "fastervqa_score": 0.11788851861357823,
    "video": "../vd_test_2/upscaled_h265_420_main/Rocket-2_8s_90000-98000.avi_2160p_crf38_hevc.mkv"
}