{
    "fastervqa_raw": 0.07901404052972794,
    "fastervqa_score": 0.13034224703180078,
    "video": "../vd_test_2/upscaled_h265_420_main/Rocket-2_8s_90000-98000.avi_2160p_crf30_hevc.mkv"
}