{
    "fastervqa_raw": 0.08051687479019165,
    "fastervqa_score": 0.13512951270472806,
    "video": "../vd_test_2/upscaled_h265_420_main/Rocket-2_8s_90000-98000.avi_1080p_crf22_hevc.mkv"
}