{
    "fastervqa_raw": 0.06119110435247421,
    "fastervqa_score": 0.08384815939093335,
    "video": "../vd_test_2/upscaled_h265_420_main/Rocket-2_8s_90000-98000.avi_720p_crf38_hevc.mkv"
}