{
    "fastervqa_raw": 0.08455357700586319,
    "fastervqa_score": 0.1487254236974163,
    "video": "../vd_test_2/upscaled_h265_420_main/Rocket-2_8s_90000-98000.avi_2160p_crf22_hevc.mkv"
}