{
    "fastervqa_raw": 0.052020199596881866,
    "fastervqa_score": 0.06629948738668014,
    "video": "../vd_test_2/upscaled_h265_420_main/Rocket-2_8s_90000-98000.avi_720p_crf30_hevc.mkv"
}