{
    "fastervqa_raw": 0.0666813999414444,
    "fastervqa_score": 0.09628216187288668,
    "video": "../vd_test_2/upscaled_h265_420_main/Rocket-2_8s_90000-98000.avi_1080p_crf38_hevc.mkv"
}