{
    "fastervqa_raw": 0.12157317250967026,
    "fastervqa_score": 0.32736237252992356,
    "video": "../vd_test_2/upscaled_h265_420_main/Sparks_8s_107000-115000.avi_2160p_crf30_hevc.mkv"
}