{
    "fastervqa_raw": 0.08822429180145264,
    "fastervqa_score": 0.16205071954634176,
    "video": "../vd_test_2/upscaled_h265_420_main/Sparks_8s_107000-115000.avi_1080p_crf38_hevc.mkv"
}