{
    "fastervqa_raw": 0.08195090293884277,
    "fastervqa_score": 0.1398350961781019,
    "video": "../vd_test_2/upscaled_h265_420_main/Sparks_8s_107000-115000.avi_360p_crf38_hevc.mkv"
}