{
    "fastervqa_raw": 0.07562299817800522,
    "fastervqa_score": 0.12006856448774951,
    "video": "../vd_test_2/upscaled_h265_420_main/Sparks_8s_107000-115000.avi_720p_crf38_hevc.mkv"
}