{
    "fastervqa_raw": 0.12030170857906342,
    "fastervqa_score": 0.3196619074648434,
    "video": "../vd_test_2/upscaled_h265_420_main/Sparks_8s_107000-115000.avi_2160p_crf22_hevc.mkv"
}