{
    "fastervqa_raw": 0.0975274071097374,
    "fastervqa_score": 0.2001126625736633,
    "video": "../vd_test_2/upscaled_h265_420_main/Sparks_8s_107000-115000.avi_1080p_crf30_hevc.mkv"
}