{
    "fastervqa_raw": 0.08242195099592209,
    "fastervqa_score": 0.14141045143691852,
    "video": "../vd_test_2/upscaled_h265_420_main/Sparks_8s_107000-115000.avi_360p_crf30_hevc.mkv"
}