{
    "fastervqa_raw": 0.08199431002140045,
    "fastervqa_score": 0.13997964817601374,
    "video": "../vd_test_2/upscaled_h265_420_main/Sparks_8s_107000-115000.avi_360p_crf22_hevc.mkv"
}