{
    "fastervqa_raw": 0.11062444001436234,
    "fastervqa_score": 0.2644165561097914,
    "video": "../vd_test_2/upscaled_h265_420_main/Sparks_8s_107000-115000.avi_1080p_crf22_hevc.mkv"
}