{
    "fastervqa_raw": 0.0907551720738411,
    "fastervqa_score": 0.1717880440024271,
    "video": "../vd_test_2/upscaled_h265_420_main/Sparks_8s_107000-115000.avi_2160p_crf38_hevc.mkv"
}