{
    "fastervqa_raw": 0.0914137065410614,
    "fastervqa_score": 0.17439650347997313,
    "video": "../vd_test_2/upscaled_h265_420_main/Sparks_8s_107000-115000.avi_720p_crf22_hevc.mkv"
}