{
    "fastervqa_raw": 0.09986009448766708,
    "fastervqa_score": 0.21064619453679823,
    "video": "../vd_test_2/upscaled_h265_420_main/Sparks_8s_107000-115000.avi_720p_crf30_hevc.mkv"
}