{
    "fastervqa_raw": 0.07440605014562607,
    "fastervqa_score": 0.11655566573917957,
    "video": "../vd_test_2/upscaled_h265_420_main/venice_harmonic_2_cropped_8s_1080p_crf30_hevc.mkv"
}