{
    "fastervqa_raw": 0.07291146367788315,
    "fastervqa_score": 0.1123637111961272,
    "video": "../vd_test_2/upscaled_h265_420_main/venice_harmonic_2_cropped_8s_720p_crf38_hevc.mkv"
}