{
    "fastervqa_raw": 0.0641111359000206,
    "fastervqa_score": 0.09026820329991588,
    "video": "../vd_test_2/upscaled_h265_420_main/venice_harmonic_2_cropped_8s_360p_crf30_hevc.mkv"
}