{
    "fastervqa_raw": 0.057473864406347275,
    "fastervqa_score": 0.07627657352776396,
    "video": "../vd_test_2/upscaled_h265_420_main/venice_harmonic_2_cropped_8s_360p_crf22_hevc.mkv"
}