{
    "fastervqa_raw": 0.08929631859064102,
    "fastervqa_score": 0.16611979883846392,
    "video": "../vd_test_2/upscaled_h265_420_main/venice_harmonic_2_cropped_8s_2160p_crf22_hevc.mkv"
}