{
    "fastervqa_raw": 0.07633229345083237,
    "fastervqa_score": 0.12215795631379728,
    "video": "../vd_test_2/upscaled_h265_420_main/venice_harmonic_2_cropped_8s_1080p_crf38_hevc.mkv"
}