{
    "fastervqa_raw": 0.06922177970409393,
    "fastervqa_score": 0.1025754232796602,
    "video": "../vd_test_2/upscaled_h265_420_main/venice_harmonic_2_cropped_8s_720p_crf22_hevc.mkv"
}