{
    "fastervqa_raw": 0.06648105382919312,
    "fastervqa_score": 0.09580080722329604,
    "video": "../vd_test_2/upscaled_h265_420_main/venice_harmonic_2_cropped_8s_360p_crf38_hevc.mkv"
}