{
    "fastervqa_raw": 0.07006695121526718,
    "fastervqa_score": 0.10474862359093165,
    "video": "../vd_test_2/upscaled_h265_420_main/venice_harmonic_2_cropped_8s_2160p_crf38_hevc.mkv"
}