{
    "fastervqa_raw": 0.06094859540462494,
    "fastervqa_score": 0.083334052307024,
    "video": "../vd_test_2/upscaled_h265_420_main/venice_harmonic_2_cropped_8s_720p_crf30_hevc.mkv"
}