{
    "fastervqa_raw": 0.08323227614164352,
    "fastervqa_score": 0.14415513487828677,
    "video": "../vd_test_2/upscaled_h265_420_main/venice_harmonic_2_cropped_8s_2160p_crf30_hevc.mkv"
}