{
    "fastervqa_raw": 0.0668606385588646,
    "fastervqa_score": 0.09671463354652023,
    "video": "../vd_test_2/upscaled_h265_420_main/venice_harmonic_2_cropped_8s_1080p_crf22_hevc.mkv"
}