{
    "mean_vila": 0.3917900621891022,
    "mean_vila_cc": 0.4134750962257385,
    "video": "../vd_test_2/upscaled_h265_420_main/american_football_harmonic_8s_2160p_crf22_hevc.mkv"
}