{
    "mean_vila": 0.34605973958969116,
    "mean_vila_cc": 0.28579020500183105,
    "video": "../vd_test_2/upscaled_h265_420_main/american_football_harmonic_8s_1080p_crf38_hevc.mkv"
}