{
    "mean_vila": 0.2719075083732605,
    "mean_vila_cc": 0.2520866096019745,
    "video": "../vd_test_2/upscaled_h265_420_main/american_football_harmonic_8s_360p_crf38_hevc.mkv"
}