{
    "mean_vila": 0.3943372964859009,
    "mean_vila_cc": 0.40116995573043823,
    "video": "../vd_test_2/upscaled_h265_420_main/american_football_harmonic_8s_1080p_crf22_hevc.mkv"
}