{
    "mean_vila": 0.37155115604400635,
    "mean_vila_cc": 0.3516504764556885,
    "video": "../vd_test_2/upscaled_h265_420_main/american_football_harmonic_8s_2160p_crf38_hevc.mkv"
}