{
    "mean_vila": 0.39021173119544983,
    "mean_vila_cc": 0.3997388184070587,
    "video": "../vd_test_2/upscaled_h265_420_main/american_football_harmonic_8s_2160p_crf30_hevc.mkv"
}