{
    "mean_vila": 0.38118213415145874,
    "mean_vila_cc": 0.36174359917640686,
    "video": "../vd_test_2/upscaled_h265_420_main/american_football_harmonic_8s_1080p_crf30_hevc.mkv"
}