{
    "mean_vila": 0.3959867060184479,
    "mean_vila_cc": 0.365009605884552,
    "video": "../vd_test_2/upscaled_h265_420_main/american_football_harmonic_8s_720p_crf22_hevc.mkv"
}