{
    "mean_vila": 0.37391626834869385,
    "mean_vila_cc": 0.2981871962547302,
    "video": "../vd_test_2/upscaled_h265_420_main/american_football_harmonic_8s_720p_crf30_hevc.mkv"
}