{
    "mean_vila": 0.29874974489212036,
    "mean_vila_cc": 0.21345216035842896,
    "video": "../vd_test_2/upscaled_h265_420_main/american_football_harmonic_8s_360p_crf30_hevc.mkv"
}