{
    "mean_vila": 0.3234427571296692,
    "mean_vila_cc": 0.25304266810417175,
    "video": "../vd_test_2/upscaled_h265_420_main/american_football_harmonic_8s_720p_crf38_hevc.mkv"
}