{
    "mean_vila": 0.332148939371109,
    "mean_vila_cc": 0.23210105299949646,
    "video": "../vd_test_2/upscaled_h265_420_main/american_football_harmonic_8s_360p_crf22_hevc.mkv"
}