{
    "mean_vila": 0.46761655807495117,
    "mean_vila_cc": 0.3477504253387451,
    "video": "../vd_test_2/upscaled_h265_420_main/AVT-Faces_lightingLoop__V8-0032_720p_crf22_hevc.mkv"
}