{
    "mean_vila": 0.4094608724117279,
    "mean_vila_cc": 0.28236299753189087,
    "video": "../vd_test_2/upscaled_h265_420_main/AVT-Faces_lightingLoop__V8-0032_1080p_crf38_hevc.mkv"
}