{
    "mean_vila": 0.3952924609184265,
    "mean_vila_cc": 0.382355272769928,
    "video": "../vd_test_2/upscaled_h265_420_main/AVT-Faces_lightingLoop__V8-0019_2160p_crf30_hevc.mkv"
}