{
    "mean_vila": 0.33092573285102844,
    "mean_vila_cc": 0.30784812569618225,
    "video": "../vd_test_2/upscaled_h265_420_main/AVT-Faces_lightingLoop__V8-0019_2160p_crf38_hevc.mkv"
}