{
    "mean_vila": 0.2992200255393982,
    "mean_vila_cc": 0.27128681540489197,
    "video": "../vd_test_2/upscaled_h265_420_main/AVT-Faces_lightingLoop__V8-0019_1080p_crf38_hevc.mkv"
}