{
    "mean_vila": 0.415742963552475,
    "mean_vila_cc": 0.28756076097488403,
    "video": "../vd_test_2/upscaled_h265_420_main/AVT-Faces_lightingLoop__V8-0032_2160p_crf38_hevc.mkv"
}