{
    "mean_vila": 0.2741674780845642,
    "mean_vila_cc": 0.2431216984987259,
    "video": "../vd_test_2/upscaled_h265_420_main/AVT-Faces_lightingLoop__V8-0019_720p_crf38_hevc.mkv"
}