{
    "mean_vila": 0.46762615442276,
    "mean_vila_cc": 0.38005754351615906,
    "video": "../vd_test_2/upscaled_h265_420_main/AVT-Faces_lightingLoop__V8-0032_1080p_crf22_hevc.mkv"
}