{
    "mean_vila": 0.44563454389572144,
    "mean_vila_cc": 0.32819637656211853,
    "video": "../vd_test_2/upscaled_h265_420_main/AVT-Faces_lightingLoop__V8-0032_720p_crf30_hevc.mkv"
}