{
    "mean_vila": 0.4578106999397278,
    "mean_vila_cc": 0.3513866066932678,
    "video": "../vd_test_2/upscaled_h265_420_main/AVT-Faces_lightingLoop__V8-0032_1080p_crf30_hevc.mkv"
}