{
    "mean_vila": 0.3983142375946045,
    "mean_vila_cc": 0.2318432331085205,
    "video": "../vd_test_2/upscaled_h265_420_main/AVT-Faces_lightingLoop__V8-0032_360p_crf30_hevc.mkv"
}