{
    "mean_vila": 0.46058768033981323,
    "mean_vila_cc": 0.3762146234512329,
    "video": "../vd_test_2/upscaled_h265_420_main/AVT-Faces_lightingLoop__V8-0032_2160p_crf30_hevc.mkv"
}