{
    "mean_vila": 0.3568072021007538,
    "mean_vila_cc": 0.3130221366882324,
    "video": "../vd_test_2/upscaled_h265_420_main/AVT-Faces_lightingLoop__V8-0019_720p_crf30_hevc.mkv"
}