{
    "mean_vila": 0.3492204248905182,
    "mean_vila_cc": 0.21309423446655273,
    "video": "../vd_test_2/upscaled_h265_420_main/AVT-Faces_lightingLoop__V8-0019_360p_crf22_hevc.mkv"
}