{
    "mean_vila": 0.46521419286727905,
    "mean_vila_cc": 0.39534449577331543,
    "video": "../vd_test_2/upscaled_h265_420_main/AVT-Faces_lightingLoop__V8-0032_2160p_crf22_hevc.mkv"
}