{
    "mean_vila": 0.29910537600517273,
    "mean_vila_cc": 0.19247111678123474,
    "video": "../vd_test_2/upscaled_h265_420_main/AVT-Faces_lightingLoop__V8-0019_360p_crf30_hevc.mkv"
}