{
    "mean_vila": 0.37594398856163025,
    "mean_vila_cc": 0.26142770051956177,
    "video": "../vd_test_2/upscaled_h265_420_main/AVT-Faces_lightingLoop__V8-0032_720p_crf38_hevc.mkv"
}