{
    "mean_vila": 0.3912867605686188,
    "mean_vila_cc": 0.3564266264438629,
    "video": "../vd_test_2/upscaled_h265_420_main/AVT-Faces_lightingLoop__V8-0019_720p_crf22_hevc.mkv"
}