{
    "mean_vila": 0.41372150182724,
    "mean_vila_cc": 0.40191134810447693,
    "video": "../vd_test_2/upscaled_h265_420_main/AVT-Faces_lightingLoop__V8-0019_2160p_crf22_hevc.mkv"
}