{
    "mean_vila": 0.41890960931777954,
    "mean_vila_cc": 0.22888720035552979,
    "video": "../vd_test_2/upscaled_h265_420_main/AVT-Faces_lightingLoop__V8-0032_360p_crf22_hevc.mkv"
}