{
    "mean_vila": 0.26083919405937195,
    "mean_vila_cc": 0.2263038158416748,
    "video": "../vd_test_2/upscaled_h265_420_main/AVT-Faces_lightingLoop__V8-0019_360p_crf38_hevc.mkv"
}