{
    "mean_vila": 0.3098570704460144,
    "mean_vila_cc": 0.18409569561481476,
    "video": "../vd_test_2/upscaled_h265_420_main/AVT-Faces_lightingLoop__V8-0032_360p_crf38_hevc.mkv"
}