{
    "mean_vila": 0.36544129252433777,
    "mean_vila_cc": 0.35616907477378845,
    "video": "../vd_test_2/upscaled_h265_420_main/AVT-Faces_lightingLoop__V8-0019_1080p_crf30_hevc.mkv"
}