{
    "mean_vila": 0.2630026340484619,
    "mean_vila_cc": 0.18855297565460205,
    "video": "../vd_test_2/upscaled_h265_420_main/Chimera-EP09_8s_24000-32000.avi_1080p_crf38_hevc.mkv"
}