{
    "mean_vila": 0.22651365399360657,
    "mean_vila_cc": 0.20282737910747528,
    "video": "../vd_test_2/upscaled_h265_420_main/Chimera-EP09_8s_24000-32000.avi_720p_crf38_hevc.mkv"
}