{
    "mean_vila": 0.24331486225128174,
    "mean_vila_cc": 0.2306542992591858,
    "video": "../vd_test_2/upscaled_h265_420_main/Chimera-EP09_8s_24000-32000.avi_360p_crf38_hevc.mkv"
}