{
    "mean_vila": 0.24541330337524414,
    "mean_vila_cc": 0.15926147997379303,
    "video": "../vd_test_2/upscaled_h265_420_main/Chimera-EP09_8s_24000-32000.avi_360p_crf22_hevc.mkv"
}