{
    "mean_vila": 0.2903444766998291,
    "mean_vila_cc": 0.2012401670217514,
    "video": "../vd_test_2/upscaled_h265_420_main/Chimera-EP09_8s_24000-32000.avi_720p_crf30_hevc.mkv"
}