{
    "mean_vila": 0.3391580879688263,
    "mean_vila_cc": 0.2272721379995346,
    "video": "../vd_test_2/upscaled_h265_420_main/Chimera-EP09_8s_24000-32000.avi_1080p_crf22_hevc.mkv"
}