{
    "mean_vila": 0.24213838577270508,
    "mean_vila_cc": 0.1539846509695053,
    "video": "../vd_test_2/upscaled_h265_420_main/Chimera-EP09_8s_24000-32000.avi_360p_crf30_hevc.mkv"
}