{
    "mean_vila": 0.3417859375476837,
    "mean_vila_cc": 0.23803476989269257,
    "video": "../vd_test_2/upscaled_h265_420_main/Chimera-EP09_8s_24000-32000.avi_2160p_crf22_hevc.mkv"
}