{
    "mean_vila": 0.33442258834838867,
    "mean_vila_cc": 0.21805325150489807,
    "video": "../vd_test_2/upscaled_h265_420_main/Chimera-EP09_8s_24000-32000.avi_2160p_crf30_hevc.mkv"
}