{
    "mean_vila": 0.2958860993385315,
    "mean_vila_cc": 0.18881116807460785,
    "video": "../vd_test_2/upscaled_h265_420_main/Chimera-EP09_8s_24000-32000.avi_2160p_crf38_hevc.mkv"
}