{
    "mean_vila": 0.3315151333808899,
    "mean_vila_cc": 0.20925787091255188,
    "video": "../vd_test_2/upscaled_h265_420_main/Chimera-EP09_8s_24000-32000.avi_720p_crf22_hevc.mkv"
}