{
    "mean_vila": 0.32388970255851746,
    "mean_vila_cc": 0.20591005682945251,
    "video": "../vd_test_2/upscaled_h265_420_main/Chimera-EP09_8s_24000-32000.avi_1080p_crf30_hevc.mkv"
}