{
    "mean_vila": 0.3745640516281128,
    "mean_vila_cc": 0.2426513135433197,
    "video": "../vd_test_2/upscaled_h265_420_main/CSGO_8s_23000-31000.avi_360p_crf22_hevc.mkv"
}