{
    "mean_vila": 0.46089088916778564,
    "mean_vila_cc": 0.4446127414703369,
    "video": "../vd_test_2/upscaled_h265_420_main/CSGO_8s_23000-31000.avi_720p_crf22_hevc.mkv"
}