{
    "mean_vila": 0.4262702465057373,
    "mean_vila_cc": 0.4250504672527313,
    "video": "../vd_test_2/upscaled_h265_420_main/CSGO_8s_23000-31000.avi_2160p_crf38_hevc.mkv"
}