{
    "mean_vila": 0.2605196237564087,
    "mean_vila_cc": 0.2508423924446106,
    "video": "../vd_test_2/upscaled_h265_420_main/CSGO_8s_23000-31000.avi_360p_crf38_hevc.mkv"
}