{
    "mean_vila": 0.4167432188987732,
    "mean_vila_cc": 0.36671364307403564,
    "video": "../vd_test_2/upscaled_h265_420_main/CSGO_8s_23000-31000.avi_720p_crf30_hevc.mkv"
}