{
    "mean_vila": 0.47654974460601807,
    "mean_vila_cc": 0.5098878145217896,
    "video": "../vd_test_2/upscaled_h265_420_main/CSGO_8s_23000-31000.avi_1080p_crf22_hevc.mkv"
}