{
    "mean_vila": 0.3436324894428253,
    "mean_vila_cc": 0.3277759552001953,
    "video": "../vd_test_2/upscaled_h265_420_main/CSGO_8s_23000-31000.avi_720p_crf38_hevc.mkv"
}