{
    "mean_vila": 0.47133615612983704,
    "mean_vila_cc": 0.520551323890686,
    "video": "../vd_test_2/upscaled_h265_420_main/CSGO_8s_23000-31000.avi_2160p_crf22_hevc.mkv"
}