{
    "mean_vila": 0.30918729305267334,
    "mean_vila_cc": 0.2254052609205246,
    "video": "../vd_test_2/upscaled_h265_420_main/CSGO_8s_23000-31000.avi_360p_crf30_hevc.mkv"
}