{
    "mean_vila": 0.46219295263290405,
    "mean_vila_cc": 0.4969618320465088,
    "video": "../vd_test_2/upscaled_h265_420_main/CSGO_8s_23000-31000.avi_2160p_crf30_hevc.mkv"
}