{
    "mean_vila": 0.4494955539703369,
    "mean_vila_cc": 0.45875799655914307,
    "video": "../vd_test_2/upscaled_h265_420_main/CSGO_8s_23000-31000.avi_1080p_crf30_hevc.mkv"
}