{
    "mean_vila": 0.5850919485092163,
    "mean_vila_cc": 0.49814945459365845,
    "video": "../vd_test_2/upscaled_h265_420_main/DialogMeridian_1080p_crf22_hevc.mkv"
}