{
    "mean_vila": 0.5413540005683899,
    "mean_vila_cc": 0.42479053139686584,
    "video": "../vd_test_2/upscaled_h265_420_main/DialogMeridian_2160p_crf38_hevc.mkv"
}