{
    "mean_vila": 0.4740770757198334,
    "mean_vila_cc": 0.3838544487953186,
    "video": "../vd_test_2/upscaled_h265_420_main/DialogMeridian_1080p_crf38_hevc.mkv"
}