{
    "mean_vila": 0.5772303342819214,
    "mean_vila_cc": 0.46484607458114624,
    "video": "../vd_test_2/upscaled_h265_420_main/DialogMeridian_720p_crf22_hevc.mkv"
}