{
    "mean_vila": 0.4817509055137634,
    "mean_vila_cc": 0.3206161856651306,
    "video": "../vd_test_2/upscaled_h265_420_main/DialogMeridian_360p_crf30_hevc.mkv"
}