{
    "mean_vila": 0.4045315384864807,
    "mean_vila_cc": 0.27084702253341675,
    "video": "../vd_test_2/upscaled_h265_420_main/DialogMeridian_360p_crf38_hevc.mkv"
}