{
    "mean_vila": 0.5893187522888184,
    "mean_vila_cc": 0.49041348695755005,
    "video": "../vd_test_2/upscaled_h265_420_main/DialogMeridian_2160p_crf30_hevc.mkv"
}