{
    "mean_vila": 0.4788143038749695,
    "mean_vila_cc": 0.35915327072143555,
    "video": "../vd_test_2/upscaled_h265_420_main/DialogMeridian_720p_crf38_hevc.mkv"
}