{
    "mean_vila": 0.5158365368843079,
    "mean_vila_cc": 0.34307920932769775,
    "video": "../vd_test_2/upscaled_h265_420_main/DialogMeridian_360p_crf22_hevc.mkv"
}