{
    "mean_vila": 0.5864446759223938,
    "mean_vila_cc": 0.5290371179580688,
    "video": "../vd_test_2/upscaled_h265_420_main/DialogMeridian_2160p_crf22_hevc.mkv"
}