{
    "mean_vila": 0.5456119775772095,
    "mean_vila_cc": 0.4344847798347473,
    "video": "../vd_test_2/upscaled_h265_420_main/DialogMeridian_720p_crf30_hevc.mkv"
}