{
    "mean_vila": 0.5624790191650391,
    "mean_vila_cc": 0.4557951092720032,
    "video": "../vd_test_2/upscaled_h265_420_main/DialogMeridian_1080p_crf30_hevc.mkv"
}