{
    "mean_vila": 0.4866833984851837,
    "mean_vila_cc": 0.41278183460235596,
    "video": "../vd_test_2/upscaled_h265_420_main/ElFuente_8s_224000-231750.avi_2160p_crf38_hevc.mkv"
}