{
    "mean_vila": 0.4541586637496948,
    "mean_vila_cc": 0.25500252842903137,
    "video": "../vd_test_2/upscaled_h265_420_main/ElFuente_8s_224000-231750.avi_360p_crf22_hevc.mkv"
}