{
    "mean_vila": 0.36330652236938477,
    "mean_vila_cc": 0.21691125631332397,
    "video": "../vd_test_2/upscaled_h265_420_main/ElFuente_8s_224000-231750.avi_360p_crf38_hevc.mkv"
}