{
    "mean_vila": 0.5142000913619995,
    "mean_vila_cc": 0.42641228437423706,
    "video": "../vd_test_2/upscaled_h265_420_main/ElFuente_8s_224000-231750.avi_2160p_crf30_hevc.mkv"
}