{
    "mean_vila": 0.4398877024650574,
    "mean_vila_cc": 0.2738434672355652,
    "video": "../vd_test_2/upscaled_h265_420_main/ElFuente_8s_224000-231750.avi_720p_crf38_hevc.mkv"
}