{
    "mean_vila": 0.5032511353492737,
    "mean_vila_cc": 0.42269712686538696,
    "video": "../vd_test_2/upscaled_h265_420_main/ElFuente_8s_224000-231750.avi_1080p_crf22_hevc.mkv"
}