{
    "mean_vila": 0.3904799818992615,
    "mean_vila_cc": 0.22576546669006348,
    "video": "../vd_test_2/upscaled_h265_420_main/ElFuente_8s_224000-231750.avi_360p_crf30_hevc.mkv"
}