{
    "mean_vila": 0.4963563084602356,
    "mean_vila_cc": 0.39873677492141724,
    "video": "../vd_test_2/upscaled_h265_420_main/ElFuente_8s_224000-231750.avi_1080p_crf30_hevc.mkv"
}