{
    "mean_vila": 0.4830712676048279,
    "mean_vila_cc": 0.31002670526504517,
    "video": "../vd_test_2/upscaled_h265_420_main/ElFuente_8s_224000-231750.avi_720p_crf30_hevc.mkv"
}