{
    "mean_vila": 0.4921552836894989,
    "mean_vila_cc": 0.30297619104385376,
    "video": "../vd_test_2/upscaled_h265_420_main/ElFuente_8s_224000-231750.avi_1080p_crf38_hevc.mkv"
}