{
    "mean_vila": 0.5179742574691772,
    "mean_vila_cc": 0.443633496761322,
    "video": "../vd_test_2/upscaled_h265_420_main/ElFuente_8s_224000-231750.avi_2160p_crf22_hevc.mkv"
}