{
    "mean_vila": 0.4936426877975464,
    "mean_vila_cc": 0.39356786012649536,
    "video": "../vd_test_2/upscaled_h265_420_main/ElFuente_8s_224000-231750.avi_720p_crf22_hevc.mkv"
}