{
    "mean_vila": 0.6252999901771545,
    "mean_vila_cc": 0.46046456694602966,
    "video": "../vd_test_2/upscaled_h265_420_main/fr-041_debris_3840x2160_60p_422_ffvhuff_4_8s_720p_crf30_hevc.mkv"
}