{
    "mean_vila": 0.5177438259124756,
    "mean_vila_cc": 0.2772294282913208,
    "video": "../vd_test_2/upscaled_h265_420_main/fr-041_debris_3840x2160_60p_422_ffvhuff_4_8s_360p_crf30_hevc.mkv"
}