{
    "mean_vila": 0.4445973038673401,
    "mean_vila_cc": 0.23316538333892822,
    "video": "../vd_test_2/upscaled_h265_420_main/fr-041_debris_3840x2160_60p_422_ffvhuff_4_8s_360p_crf38_hevc.mkv"
}