{
    "mean_vila": 0.6479284763336182,
    "mean_vila_cc": 0.49886834621429443,
    "video": "../vd_test_2/upscaled_h265_420_main/fr-041_debris_3840x2160_60p_422_ffvhuff_4_8s_720p_crf22_hevc.mkv"
}