{
    "mean_vila": 0.6419504880905151,
    "mean_vila_cc": 0.5499649047851562,
    "video": "../vd_test_2/upscaled_h265_420_main/fr-041_debris_3840x2160_60p_422_ffvhuff_4_8s_2160p_crf38_hevc.mkv"
}