{
    "mean_vila": 0.6428128480911255,
    "mean_vila_cc": 0.5284029245376587,
    "video": "../vd_test_2/upscaled_h265_420_main/fr-041_debris_3840x2160_60p_422_ffvhuff_4_8s_1080p_crf30_hevc.mkv"
}