{
    "mean_vila": 0.6509130001068115,
    "mean_vila_cc": 0.5603064298629761,
    "video": "../vd_test_2/upscaled_h265_420_main/fr-041_debris_3840x2160_60p_422_ffvhuff_4_8s_2160p_crf22_hevc.mkv"
}