{
    "mean_vila": 0.6560571193695068,
    "mean_vila_cc": 0.5500767827033997,
    "video": "../vd_test_2/upscaled_h265_420_main/fr-041_debris_3840x2160_60p_422_ffvhuff_4_8s_1080p_crf22_hevc.mkv"
}