{
    "mean_vila": 0.5846921801567078,
    "mean_vila_cc": 0.41239872574806213,
    "video": "../vd_test_2/upscaled_h265_420_main/fr-041_debris_3840x2160_60p_422_ffvhuff_4_8s_720p_crf38_hevc.mkv"
}