{
    "mean_vila": 0.5722790956497192,
    "mean_vila_cc": 0.2959063947200775,
    "video": "../vd_test_2/upscaled_h265_420_main/fr-041_debris_3840x2160_60p_422_ffvhuff_4_8s_360p_crf22_hevc.mkv"
}