{
    "mean_vila": 0.6231844425201416,
    "mean_vila_cc": 0.46117883920669556,
    "video": "../vd_test_2/upscaled_h265_420_main/fr-041_debris_3840x2160_60p_422_ffvhuff_4_8s_1080p_crf38_hevc.mkv"
}