{
    "mean_vila": 0.571550726890564,
    "mean_vila_cc": 0.4778875410556793,
    "video": "../vd_test_2/upscaled_h265_420_main/Knitting_Close_ds_720p_crf22_hevc.mkv"
}