{
    "mean_vila": 0.5782207250595093,
    "mean_vila_cc": 0.46928900480270386,
    "video": "../vd_test_2/upscaled_h265_420_main/Knitting_Close_ds_1080p_crf30_hevc.mkv"
}