{
    "mean_vila": 0.5402170419692993,
    "mean_vila_cc": 0.29639342427253723,
    "video": "../vd_test_2/upscaled_h265_420_main/Knitting_Close_ds_360p_crf22_hevc.mkv"
}