{
    "mean_vila": 0.5606610774993896,
    "mean_vila_cc": 0.41855111718177795,
    "video": "../vd_test_2/upscaled_h265_420_main/Knitting_Close_ds_720p_crf30_hevc.mkv"
}