{
    "mean_vila": 0.5750961303710938,
    "mean_vila_cc": 0.5079747438430786,
    "video": "../vd_test_2/upscaled_h265_420_main/Knitting_Close_ds_2160p_crf30_hevc.mkv"
}