{
    "mean_vila": 0.5314302444458008,
    "mean_vila_cc": 0.3497457802295685,
    "video": "../vd_test_2/upscaled_h265_420_main/Knitting_Close_ds_1080p_crf38_hevc.mkv"
}