{
    "mean_vila": 0.5741399526596069,
    "mean_vila_cc": 0.5152093172073364,
    "video": "../vd_test_2/upscaled_h265_420_main/Knitting_Close_ds_2160p_crf22_hevc.mkv"
}