{
    "mean_vila": 0.48569464683532715,
    "mean_vila_cc": 0.27082568407058716,
    "video": "../vd_test_2/upscaled_h265_420_main/Knitting_Close_ds_360p_crf30_hevc.mkv"
}