{
    "mean_vila": 0.5496764183044434,
    "mean_vila_cc": 0.4269593358039856,
    "video": "../vd_test_2/upscaled_h265_420_main/Knitting_Close_ds_2160p_crf38_hevc.mkv"
}