{
    "mean_vila": 0.35668328404426575,
    "mean_vila_cc": 0.22826501727104187,
    "video": "../vd_test_2/upscaled_h265_420_main/Knitting_Close_ds_360p_crf38_hevc.mkv"
}