{
    "mean_vila": 0.5731549859046936,
    "mean_vila_cc": 0.5044735670089722,
    "video": "../vd_test_2/upscaled_h265_420_main/Knitting_Close_ds_1080p_crf22_hevc.mkv"
}