{
    "mean_vila": 0.270232617855072,
    "mean_vila_cc": 0.22147472202777863,
    "video": "../vd_test_2/upscaled_h265_420_main/Moment_of_Intensity_8s_360p_crf38_hevc.mkv"
}