{
    "mean_vila": 0.40265578031539917,
    "mean_vila_cc": 0.2910034954547882,
    "video": "../vd_test_2/upscaled_h265_420_main/Moment_of_Intensity_8s_720p_crf30_hevc.mkv"
}