{
    "mean_vila": 0.3939933180809021,
    "mean_vila_cc": 0.30023515224456787,
    "video": "../vd_test_2/upscaled_h265_420_main/Moment_of_Intensity_8s_2160p_crf38_hevc.mkv"
}