{
    "mean_vila": 0.4264443814754486,
    "mean_vila_cc": 0.3179730772972107,
    "video": "../vd_test_2/upscaled_h265_420_main/Moment_of_Intensity_8s_1080p_crf30_hevc.mkv"
}