{
    "mean_vila": 0.3598707318305969,
    "mean_vila_cc": 0.2990823984146118,
    "video": "../vd_test_2/upscaled_h265_420_main/Moment_of_Intensity_8s_1080p_crf38_hevc.mkv"
}