{
    "mean_vila": 0.4433632493019104,
    "mean_vila_cc": 0.3704308867454529,
    "video": "../vd_test_2/upscaled_h265_420_main/Moment_of_Intensity_8s_1080p_crf22_hevc.mkv"
}