{
    "mean_vila": 0.44812509417533875,
    "mean_vila_cc": 0.39209702610969543,
    "video": "../vd_test_2/upscaled_h265_420_main/Moment_of_Intensity_8s_2160p_crf22_hevc.mkv"
}