{
    "mean_vila": 0.3188396096229553,
    "mean_vila_cc": 0.2577356696128845,
    "video": "../vd_test_2/upscaled_h265_420_main/Moment_of_Intensity_8s_720p_crf38_hevc.mkv"
}