{
    "mean_vila": 0.43979761004447937,
    "mean_vila_cc": 0.35800859332084656,
    "video": "../vd_test_2/upscaled_h265_420_main/Moment_of_Intensity_8s_2160p_crf30_hevc.mkv"
}