{
    "mean_vila": 0.43407583236694336,
    "mean_vila_cc": 0.3303355276584625,
    "video": "../vd_test_2/upscaled_h265_420_main/Moment_of_Intensity_8s_720p_crf22_hevc.mkv"
}