{
    "mean_vila": 0.3728281855583191,
    "mean_vila_cc": 0.28125426173210144,
    "video": "../vd_test_2/upscaled_h265_420_main/Moment_of_Intensity_8s_360p_crf22_hevc.mkv"
}