{
    "mean_vila": 0.5598801374435425,
    "mean_vila_cc": 0.4542328715324402,
    "video": "../vd_test_2/upscaled_h265_420_main/monkeys_harmonic_0_cropped_8s_1080p_crf22_hevc.mkv"
}