{
    "mean_vila": 0.3096782863140106,
    "mean_vila_cc": 0.20241907238960266,
    "video": "../vd_test_2/upscaled_h265_420_main/monkeys_harmonic_0_cropped_8s_360p_crf38_hevc.mkv"
}