{
    "mean_vila": 0.3853335380554199,
    "mean_vila_cc": 0.2353256195783615,
    "video": "../vd_test_2/upscaled_h265_420_main/monkeys_harmonic_0_cropped_8s_360p_crf30_hevc.mkv"
}