{
    "mean_vila": 0.5392261147499084,
    "mean_vila_cc": 0.3840089440345764,
    "video": "../vd_test_2/upscaled_h265_420_main/monkeys_harmonic_0_cropped_8s_2160p_crf38_hevc.mkv"
}