{
    "mean_vila": 0.5079374313354492,
    "mean_vila_cc": 0.31554609537124634,
    "video": "../vd_test_2/upscaled_h265_420_main/monkeys_harmonic_0_cropped_8s_720p_crf30_hevc.mkv"
}