{
    "mean_vila": 0.49036526679992676,
    "mean_vila_cc": 0.28696614503860474,
    "video": "../vd_test_2/upscaled_h265_420_main/monkeys_harmonic_0_cropped_8s_1080p_crf38_hevc.mkv"
}