{
    "mean_vila": 0.5673303604125977,
    "mean_vila_cc": 0.48895859718322754,
    "video": "../vd_test_2/upscaled_h265_420_main/monkeys_harmonic_0_cropped_8s_2160p_crf22_hevc.mkv"
}