{
    "mean_vila": 0.41407686471939087,
    "mean_vila_cc": 0.2464858442544937,
    "video": "../vd_test_2/upscaled_h265_420_main/monkeys_harmonic_0_cropped_8s_720p_crf38_hevc.mkv"
}