{
    "mean_vila": 0.4494871199131012,
    "mean_vila_cc": 0.25185221433639526,
    "video": "../vd_test_2/upscaled_h265_420_main/monkeys_harmonic_0_cropped_8s_360p_crf22_hevc.mkv"
}