{
    "mean_vila": 0.5588436126708984,
    "mean_vila_cc": 0.44758015871047974,
    "video": "../vd_test_2/upscaled_h265_420_main/monkeys_harmonic_0_cropped_8s_2160p_crf30_hevc.mkv"
}