{
    "mean_vila": 0.5416008234024048,
    "mean_vila_cc": 0.3880627155303955,
    "video": "../vd_test_2/upscaled_h265_420_main/monkeys_harmonic_0_cropped_8s_720p_crf22_hevc.mkv"
}