{
    "mean_vila": 0.543734073638916,
    "mean_vila_cc": 0.3683948516845703,
    "video": "../vd_test_2/upscaled_h265_420_main/monkeys_harmonic_0_cropped_8s_1080p_crf30_hevc.mkv"
}