{
    "mean_vila": 0.3016186058521271,
    "mean_vila_cc": 0.21413378417491913,
    "video": "../vd_test_2/upscaled_h265_420_main/ReadySetGoJockeyConcat_8s_0-8000.avi_360p_crf38_hevc.mkv"
}