{
    "mean_vila": 0.5267986059188843,
    "mean_vila_cc": 0.5236664414405823,
    "video": "../vd_test_2/upscaled_h265_420_main/Reading_Stairs_ds_2160p_crf38_hevc.mkv"
}