{
    "mean_vila": 0.5219956040382385,
    "mean_vila_cc": 0.5513196587562561,
    "video": "../vd_test_2/upscaled_h265_420_main/Reading_Stairs_ds_2160p_crf22_hevc.mkv"
}