{
    "mean_vila": 0.5060965418815613,
    "mean_vila_cc": 0.5386859178543091,
    "video": "../vd_test_2/upscaled_h265_420_main/Reading_Stairs_ds_1080p_crf22_hevc.mkv"
}