{
    "mean_vila": 0.5034914016723633,
    "mean_vila_cc": 0.3800676763057709,
    "video": "../vd_test_2/upscaled_h265_420_main/Reading_Stairs_ds_720p_crf38_hevc.mkv"
}