{
    "mean_vila": 0.49704766273498535,
    "mean_vila_cc": 0.47068461775779724,
    "video": "../vd_test_2/upscaled_h265_420_main/Reading_Stairs_ds_720p_crf22_hevc.mkv"
}