{
    "mean_vila": 0.3538288176059723,
    "mean_vila_cc": 0.21993356943130493,
    "video": "../vd_test_2/upscaled_h265_420_main/ReadySetGoJockeyConcat_8s_0-8000.avi_360p_crf30_hevc.mkv"
}