{
    "mean_vila": 0.423134982585907,
    "mean_vila_cc": 0.3040546178817749,
    "video": "../vd_test_2/upscaled_h265_420_main/ReadySetGoJockeyConcat_8s_0-8000.avi_720p_crf30_hevc.mkv"
}