{
    "mean_vila": 0.39265286922454834,
    "mean_vila_cc": 0.23831531405448914,
    "video": "../vd_test_2/upscaled_h265_420_main/ReadySetGoJockeyConcat_8s_0-8000.avi_360p_crf22_hevc.mkv"
}