{
    "mean_vila": 0.4630514085292816,
    "mean_vila_cc": 0.3656221032142639,
    "video": "../vd_test_2/upscaled_h265_420_main/ReadySetGoJockeyConcat_8s_0-8000.avi_2160p_crf30_hevc.mkv"
}