{
    "mean_vila": 0.40314343571662903,
    "mean_vila_cc": 0.2613636255264282,
    "video": "../vd_test_2/upscaled_h265_420_main/ReadySetGoJockeyConcat_8s_0-8000.avi_1080p_crf38_hevc.mkv"
}