{
    "mean_vila": 0.4590746760368347,
    "mean_vila_cc": 0.35589510202407837,
    "video": "../vd_test_2/upscaled_h265_420_main/ReadySetGoJockeyConcat_8s_0-8000.avi_1080p_crf22_hevc.mkv"
}