{
    "mean_vila": 0.4374181032180786,
    "mean_vila_cc": 0.32307958602905273,
    "video": "../vd_test_2/upscaled_h265_420_main/ReadySetGoJockeyConcat_8s_0-8000.avi_2160p_crf38_hevc.mkv"
}