{
    "mean_vila": 0.49902406334877014,
    "mean_vila_cc": 0.4754031300544739,
    "video": "../vd_test_2/upscaled_h265_420_main/Reading_Stairs_ds_1080p_crf38_hevc.mkv"
}