{
    "mean_vila": 0.49412044882774353,
    "mean_vila_cc": 0.44789156317710876,
    "video": "../vd_test_2/upscaled_h265_420_main/Reading_Stairs_ds_720p_crf30_hevc.mkv"
}