{
    "mean_vila": 0.4423215389251709,
    "mean_vila_cc": 0.2633969187736511,
    "video": "../vd_test_2/upscaled_h265_420_main/Reading_Stairs_ds_360p_crf30_hevc.mkv"
}