{
    "mean_vila": 0.335523396730423,
    "mean_vila_cc": 0.3097556233406067,
    "video": "../vd_test_2/upscaled_h265_420_main/Reading_Stairs_ds_360p_crf38_hevc.mkv"
}