{
    "mean_vila": 0.45354175567626953,
    "mean_vila_cc": 0.26032692193984985,
    "video": "../vd_test_2/upscaled_h265_420_main/Reading_Stairs_ds_360p_crf22_hevc.mkv"
}