{
    "mean_vila": 0.33112654089927673,
    "mean_vila_cc": 0.2450186014175415,
    "video": "../vd_test_2/upscaled_h265_420_main/ReadySetGoJockeyConcat_8s_0-8000.avi_720p_crf38_hevc.mkv"
}