{
    "mean_vila": 0.45053353905677795,
    "mean_vila_cc": 0.3309459686279297,
    "video": "../vd_test_2/upscaled_h265_420_main/ReadySetGoJockeyConcat_8s_0-8000.avi_720p_crf22_hevc.mkv"
}