{
    "mean_vila": 0.5168123841285706,
    "mean_vila_cc": 0.5469533205032349,
    "video": "../vd_test_2/upscaled_h265_420_main/Reading_Stairs_ds_2160p_crf30_hevc.mkv"
}