{
    "mean_vila": 0.45437830686569214,
    "mean_vila_cc": 0.33195552229881287,
    "video": "../vd_test_2/upscaled_h265_420_main/ReadySetGoJockeyConcat_8s_0-8000.avi_1080p_crf30_hevc.mkv"
}