{
    "mean_vila": 0.45828258991241455,
    "mean_vila_cc": 0.37247157096862793,
    "video": "../vd_test_2/upscaled_h265_420_main/ReadySetGoJockeyConcat_8s_0-8000.avi_2160p_crf22_hevc.mkv"
}