{
    "mean_vila": 0.5071387887001038,
    "mean_vila_cc": 0.5155940055847168,
    "video": "../vd_test_2/upscaled_h265_420_main/Reading_Stairs_ds_1080p_crf30_hevc.mkv"
}