{
    "mean_vila": 0.3512710928916931,
    "mean_vila_cc": 0.22599053382873535,
    "video": "../vd_test_2/upscaled_h265_420_main/Rocket-2_8s_90000-98000.avi_360p_crf30_hevc.mkv"
}