{
    "mean_vila": 0.46073564887046814,
    "mean_vila_cc": 0.4396361708641052,
    "video": "../vd_test_2/upscaled_h265_420_main/Rocket-2_8s_90000-98000.avi_2160p_crf30_hevc.mkv"
}