{
    "mean_vila": 0.4786642789840698,
    "mean_vila_cc": 0.4640709459781647,
    "video": "../vd_test_2/upscaled_h265_420_main/Rocket-2_8s_90000-98000.avi_2160p_crf22_hevc.mkv"
}