{
    "mean_vila": 0.41889968514442444,
    "mean_vila_cc": 0.3602367043495178,
    "video": "../vd_test_2/upscaled_h265_420_main/Rocket-2_8s_90000-98000.avi_2160p_crf38_hevc.mkv"
}