{
    "mean_vila": 0.43193596601486206,
    "mean_vila_cc": 0.3293953239917755,
    "video": "../vd_test_2/upscaled_h265_420_main/Rocket-2_8s_90000-98000.avi_720p_crf30_hevc.mkv"
}