{
    "mean_vila": 0.4427107572555542,
    "mean_vila_cc": 0.39478033781051636,
    "video": "../vd_test_2/upscaled_h265_420_main/Rocket-2_8s_90000-98000.avi_1080p_crf30_hevc.mkv"
}