{
    "mean_vila": 0.3736153244972229,
    "mean_vila_cc": 0.3144851326942444,
    "video": "../vd_test_2/upscaled_h265_420_main/Rocket-2_8s_90000-98000.avi_1080p_crf38_hevc.mkv"
}