{
    "mean_vila": 0.3082578182220459,
    "mean_vila_cc": 0.20162919163703918,
    "video": "../vd_test_2/upscaled_h265_420_main/Rocket-2_8s_90000-98000.avi_360p_crf38_hevc.mkv"
}