{
    "mean_vila": 0.4694327712059021,
    "mean_vila_cc": 0.43935924768447876,
    "video": "../vd_test_2/upscaled_h265_420_main/Rocket-2_8s_90000-98000.avi_1080p_crf22_hevc.mkv"
}