{
    "mean_vila": 0.46420517563819885,
    "mean_vila_cc": 0.3827137053012848,
    "video": "../vd_test_2/upscaled_h265_420_main/Rocket-2_8s_90000-98000.avi_720p_crf22_hevc.mkv"
}