{
    "mean_vila": 0.408640593290329,
    "mean_vila_cc": 0.22830338776111603,
    "video": "../vd_test_2/upscaled_h265_420_main/Rocket-2_8s_90000-98000.avi_360p_crf22_hevc.mkv"
}