{
    "mean_vila": 0.47929295897483826,
    "mean_vila_cc": 0.327123761177063,
    "video": "../vd_test_2/upscaled_h265_420_main/Sparks_8s_107000-115000.avi_720p_crf30_hevc.mkv"
}