{
    "mean_vila": 0.4982609152793884,
    "mean_vila_cc": 0.3638836741447449,
    "video": "../vd_test_2/upscaled_h265_420_main/Sparks_8s_107000-115000.avi_2160p_crf38_hevc.mkv"
}