{
    "mean_vila": 0.550446093082428,
    "mean_vila_cc": 0.45961931347846985,
    "video": "../vd_test_2/upscaled_h265_420_main/Sparks_8s_107000-115000.avi_2160p_crf30_hevc.mkv"
}