{
    "mean_vila": 0.5200412273406982,
    "mean_vila_cc": 0.39263999462127686,
    "video": "../vd_test_2/upscaled_h265_420_main/Sparks_8s_107000-115000.avi_1080p_crf30_hevc.mkv"
}