{
    "mean_vila": 0.4509161412715912,
    "mean_vila_cc": 0.2478606253862381,
    "video": "../vd_test_2/upscaled_h265_420_main/Sparks_8s_107000-115000.avi_360p_crf22_hevc.mkv"
}