{
    "mean_vila": 0.3442831039428711,
    "mean_vila_cc": 0.21775375306606293,
    "video": "../vd_test_2/upscaled_h265_420_main/Sparks_8s_107000-115000.avi_360p_crf38_hevc.mkv"
}