{
    "mean_vila": 0.44363096356391907,
    "mean_vila_cc": 0.29470008611679077,
    "video": "../vd_test_2/upscaled_h265_420_main/Sparks_8s_107000-115000.avi_1080p_crf38_hevc.mkv"
}