{
    "mean_vila": 0.5359561443328857,
    "mean_vila_cc": 0.41022324562072754,
    "video": "../vd_test_2/upscaled_h265_420_main/Sparks_8s_107000-115000.avi_720p_crf22_hevc.mkv"
}