{
    "mean_vila": 0.3883853554725647,
    "mean_vila_cc": 0.22295239567756653,
    "video": "../vd_test_2/upscaled_h265_420_main/Sparks_8s_107000-115000.avi_360p_crf30_hevc.mkv"
}