{
    "mean_vila": 0.5528349876403809,
    "mean_vila_cc": 0.495125412940979,
    "video": "../vd_test_2/upscaled_h265_420_main/Sparks_8s_107000-115000.avi_2160p_crf22_hevc.mkv"
}