{
    "mean_vila": 0.5509291887283325,
    "mean_vila_cc": 0.46742814779281616,
    "video": "../vd_test_2/upscaled_h265_420_main/Sparks_8s_107000-115000.avi_1080p_crf22_hevc.mkv"
}