{
    "mean_vila": 0.4013553857803345,
    "mean_vila_cc": 0.2734300196170807,
    "video": "../vd_test_2/upscaled_h265_420_main/Sparks_8s_107000-115000.avi_720p_crf38_hevc.mkv"
}