{
    "mean_vila": 0.4737497568130493,
    "mean_vila_cc": 0.3974413573741913,
    "video": "../vd_test_2/upscaled_h265_420_main/venice_harmonic_2_cropped_8s_2160p_crf22_hevc.mkv"
}