{
    "mean_vila": 0.3457954525947571,
    "mean_vila_cc": 0.20785307884216309,
    "video": "../vd_test_2/upscaled_h265_420_main/venice_harmonic_2_cropped_8s_360p_crf30_hevc.mkv"
}