{
    "mean_vila": 0.3947596848011017,
    "mean_vila_cc": 0.23513263463974,
    "video": "../vd_test_2/upscaled_h265_420_main/venice_harmonic_2_cropped_8s_360p_crf22_hevc.mkv"
}