{
    "mean_vila": 0.4628649950027466,
    "mean_vila_cc": 0.3747714161872864,
    "video": "../vd_test_2/upscaled_h265_420_main/venice_harmonic_2_cropped_8s_1080p_crf22_hevc.mkv"
}