{
    "mean_vila": 0.3773657977581024,
    "mean_vila_cc": 0.26255473494529724,
    "video": "../vd_test_2/upscaled_h265_420_main/venice_harmonic_2_cropped_8s_720p_crf38_hevc.mkv"
}