{
    "mean_vila": 0.4554658532142639,
    "mean_vila_cc": 0.3449339270591736,
    "video": "../vd_test_2/upscaled_h265_420_main/venice_harmonic_2_cropped_8s_720p_crf22_hevc.mkv"
}