{
    "mean_vila": 0.4367109537124634,
    "mean_vila_cc": 0.31129658222198486,
    "video": "../vd_test_2/upscaled_h265_420_main/venice_harmonic_2_cropped_8s_720p_crf30_hevc.mkv"
}