{
    "mean_vila": 0.2928312420845032,
    "mean_vila_cc": 0.19867342710494995,
    "video": "../vd_test_2/upscaled_h265_420_main/venice_harmonic_2_cropped_8s_360p_crf38_hevc.mkv"
}