{
    "mean_vila": 0.46133092045783997,
    "mean_vila_cc": 0.3799084424972534,
    "video": "../vd_test_2/upscaled_h265_420_main/venice_harmonic_2_cropped_8s_2160p_crf30_hevc.mkv"
}