{
    "mean_vila": 0.40751370787620544,
    "mean_vila_cc": 0.2775082588195801,
    "video": "../vd_test_2/upscaled_h265_420_main/venice_harmonic_2_cropped_8s_1080p_crf38_hevc.mkv"
}