{
    "mean_vila": 0.45208925008773804,
    "mean_vila_cc": 0.34457844495773315,
    "video": "../vd_test_2/upscaled_h265_420_main/venice_harmonic_2_cropped_8s_1080p_crf30_hevc.mkv"
}