{
    "dover": 0.5013795715203774,
    "dover_res_0": -0.07144711166620255,
    "dover_res_1": 0.06411691755056381,
    "video": "../vd_test_2/upscaled_h265_420_main/american_football_harmonic_8s_2160p_crf38_hevc.mkv"
}