{
    "dover": 0.16901135000496853,
    "dover_res_0": -0.18568867444992065,
    "dover_res_1": 0.0011460852110758424,
    "video": "../vd_test_2/upscaled_h265_420_main/american_football_harmonic_8s_360p_crf38_hevc.mkv"
}