{
    "dover": 0.4315885114910174,
    "dover_res_0": -0.10427120327949524,
    "dover_res_1": 0.06329543888568878,
    "video": "../vd_test_2/upscaled_h265_420_main/american_football_harmonic_8s_720p_crf30_hevc.mkv"
}