{
    "dover": 0.4214703806336214,
    "dover_res_0": -0.09960675239562988,
    "dover_res_1": 0.05553838983178139,
    "video": "../vd_test_2/upscaled_h265_420_main/american_football_harmonic_8s_1080p_crf38_hevc.mkv"
}