{
    "dover": 0.5398300004746222,
    "dover_res_0": -0.06442122161388397,
    "dover_res_1": 0.07339996099472046,
    "video": "../vd_test_2/upscaled_h265_420_main/american_football_harmonic_8s_1080p_crf22_hevc.mkv"
}