{
    "dover": 0.2951859763514567,
    "dover_res_0": -0.1290924996137619,
    "dover_res_1": 0.025617379695177078,
    "video": "../vd_test_2/upscaled_h265_420_main/american_football_harmonic_8s_720p_crf38_hevc.mkv"
}