{
    "dover": 0.2518409447573354,
    "dover_res_0": -0.15773820877075195,
    "dover_res_1": 0.027481574565172195,
    "video": "../vd_test_2/upscaled_h265_420_main/american_football_harmonic_8s_360p_crf30_hevc.mkv"
}