{
    "dover": 0.3199466085710367,
    "dover_res_0": -0.15262560546398163,
    "dover_res_1": 0.055803101509809494,
    "video": "../vd_test_2/upscaled_h265_420_main/american_football_harmonic_8s_360p_crf22_hevc.mkv"
}