{
    "dover": 0.5538399851339851,
    "dover_res_0": -0.0742054134607315,
    "dover_res_1": 0.08674263954162598,
    "video": "../vd_test_2/upscaled_h265_420_main/american_football_harmonic_8s_720p_crf22_hevc.mkv"
}