{
    "dover": 0.497020075393287,
    "dover_res_0": -0.08318618685007095,
    "dover_res_1": 0.0718650296330452,
    "video": "../vd_test_2/upscaled_h265_420_main/american_football_harmonic_8s_1080p_crf30_hevc.mkv"
}