{
    "dover": 0.5726172099829453,
    "dover_res_0": -0.05490986630320549,
    "dover_res_1": 0.07862536609172821,
    "video": "../vd_test_2/upscaled_h265_420_main/american_football_harmonic_8s_2160p_crf22_hevc.mkv"
}