{
    "dover": 0.5467125347576439,
    "dover_res_0": -0.05612517148256302,
    "dover_res_1": 0.0694175437092781,
    "video": "../vd_test_2/upscaled_h265_420_main/american_football_harmonic_8s_2160p_crf30_hevc.mkv"
}