{
    "dover": 0.4874229144725074,
    "dover_res_0": -0.11768005788326263,
    "dover_res_1": 0.0958757996559143,
    "video": "../vd_test_2/upscaled_h265_420_main/AVT-Faces_lightingLoop__V8-0019_360p_crf22_hevc.mkv"
}