{
    "dover": 0.5339684405078728,
    "dover_res_0": -0.13619568943977356,
    "dover_res_1": 0.12881748378276825,
    "video": "../vd_test_2/upscaled_h265_420_main/AVT-Faces_lightingLoop__V8-0032_360p_crf30_hevc.mkv"
}