{
    "dover": 0.41090889660812263,
    "dover_res_0": -0.10090196877717972,
    "dover_res_1": 0.052368856966495514,
    "video": "../vd_test_2/upscaled_h265_420_main/AVT-Faces_lightingLoop__V8-0019_720p_crf38_hevc.mkv"
}