{
    "dover": 0.8344353387174829,
    "dover_res_0": -0.028349775820970535,
    "dover_res_1": 0.18561001121997833,
    "video": "../vd_test_2/upscaled_h265_420_main/AVT-Faces_lightingLoop__V8-0032_1080p_crf22_hevc.mkv"
}