{
    "dover": 0.756063751942074,
    "dover_res_0": -0.06202426552772522,
    "dover_res_1": 0.1655866801738739,
    "video": "../vd_test_2/upscaled_h265_420_main/AVT-Faces_lightingLoop__V8-0032_720p_crf30_hevc.mkv"
}