{
    "dover": 0.6730139656697999,
    "dover_res_0": -0.06301421672105789,
    "dover_res_1": 0.1267274171113968,
    "video": "../vd_test_2/upscaled_h265_420_main/AVT-Faces_lightingLoop__V8-0019_1080p_crf22_hevc.mkv"
}