{
    "dover": 0.5899728987601564,
    "dover_res_0": -0.1027475893497467,
    "dover_res_1": 0.12399151921272278,
    "video": "../vd_test_2/upscaled_h265_420_main/AVT-Faces_lightingLoop__V8-0032_720p_crf38_hevc.mkv"
}