{
    "dover": 0.7182276229847062,
    "dover_res_0": -0.02973848395049572,
    "dover_res_1": 0.1206904873251915,
    "video": "../vd_test_2/upscaled_h265_420_main/AVT-Faces_lightingLoop__V8-0019_2160p_crf30_hevc.mkv"
}