{
    "dover": 0.7266060657867858,
    "dover_res_0": -0.04800976812839508,
    "dover_res_1": 0.13942673802375793,
    "video": "../vd_test_2/upscaled_h265_420_main/AVT-Faces_lightingLoop__V8-0032_1080p_crf38_hevc.mkv"
}