{
    "dover": 0.3797214333998909,
    "dover_res_0": -0.1280793994665146,
    "dover_res_1": 0.06157400831580162,
    "video": "../vd_test_2/upscaled_h265_420_main/AVT-Faces_lightingLoop__V8-0019_360p_crf30_hevc.mkv"
}