{
    "dover": 0.7940548303782441,
    "dover_res_0": -0.05278753861784935,
    "dover_res_1": 0.17930977046489716,
    "video": "../vd_test_2/upscaled_h265_420_main/AVT-Faces_lightingLoop__V8-0032_720p_crf22_hevc.mkv"
}