{
    "dover": 0.6079476510996304,
    "dover_res_0": -0.07453671842813492,
    "dover_res_1": 0.10856178402900696,
    "video": "../vd_test_2/upscaled_h265_420_main/AVT-Faces_lightingLoop__V8-0019_1080p_crf30_hevc.mkv"
}