{
    "dover": 0.4234785013544433,
    "dover_res_0": -0.11625559628009796,
    "dover_res_1": 0.06972005218267441,
    "video": "../vd_test_2/upscaled_h265_420_main/AVT-Faces_lightingLoop__V8-0019_1080p_crf38_hevc.mkv"
}