{
    "dover": 0.3440615612779208,
    "dover_res_0": -0.14498506486415863,
    "dover_res_1": 0.060197167098522186,
    "video": "../vd_test_2/upscaled_h265_420_main/AVT-Faces_lightingLoop__V8-0032_360p_crf38_hevc.mkv"
}