{
    "dover": 0.66924302590521,
    "dover_res_0": -0.1138969287276268,
    "dover_res_1": 0.16597820818424225,
    "video": "../vd_test_2/upscaled_h265_420_main/AVT-Faces_lightingLoop__V8-0032_360p_crf22_hevc.mkv"
}