{
    "dover": 0.8585513487864326,
    "dover_res_0": -0.011439325287938118,
    "dover_res_1": 0.1900247484445572,
    "video": "../vd_test_2/upscaled_h265_420_main/AVT-Faces_lightingLoop__V8-0032_2160p_crf22_hevc.mkv"
}