{
    "dover": 0.5611095719037676,
    "dover_res_0": -0.09069667011499405,
    "dover_res_1": 0.1028549000620842,
    "video": "../vd_test_2/upscaled_h265_420_main/AVT-Faces_lightingLoop__V8-0019_720p_crf30_hevc.mkv"
}