{
    "dover": 0.8218348575953776,
    "dover_res_0": -0.022527392953634262,
    "dover_res_1": 0.17235010862350464,
    "video": "../vd_test_2/upscaled_h265_420_main/AVT-Faces_lightingLoop__V8-0032_1080p_crf30_hevc.mkv"
}