{
    "dover": 0.5279574156821758,
    "dover_res_0": -0.09262881428003311,
    "dover_res_1": 0.09145493060350418,
    "video": "../vd_test_2/upscaled_h265_420_main/AVT-Faces_lightingLoop__V8-0019_2160p_crf38_hevc.mkv"
}