{
    "dover": 0.6209976546063609,
    "dover_res_0": -0.0796295702457428,
    "dover_res_1": 0.11799268424510956,
    "video": "../vd_test_2/upscaled_h265_420_main/AVT-Faces_lightingLoop__V8-0019_720p_crf22_hevc.mkv"
}