{
    "dover": 0.7918348104611385,
    "dover_res_0": -0.026189424097537994,
    "dover_res_1": 0.15661709010601044,
    "video": "../vd_test_2/upscaled_h265_420_main/AVT-Faces_lightingLoop__V8-0032_2160p_crf38_hevc.mkv"
}