{
    "dover": 0.7333973902591564,
    "dover_res_0": -0.02955123968422413,
    "dover_res_1": 0.12792536616325378,
    "video": "../vd_test_2/upscaled_h265_420_main/AVT-Faces_lightingLoop__V8-0019_2160p_crf22_hevc.mkv"
}