{
    "dover": 0.8490846657402029,
    "dover_res_0": -0.006453206762671471,
    "dover_res_1": 0.178666889667511,
    "video": "../vd_test_2/upscaled_h265_420_main/AVT-Faces_lightingLoop__V8-0032_2160p_crf30_hevc.mkv"
}