{
    "dover": 0.3175126736292039,
    "dover_res_0": -0.12324030697345734,
    "dover_res_1": 0.031093761324882507,
    "video": "../vd_test_2/upscaled_h265_420_main/AVT-Faces_lightingLoop__V8-0019_360p_crf38_hevc.mkv"
}