{
    "dover": 0.4274581191124706,
    "dover_res_0": -0.11240887641906738,
    "dover_res_1": 0.06820463389158249,
    "video": "../vd_test_2/upscaled_h265_420_main/Chimera-EP09_8s_24000-32000.avi_720p_crf22_hevc.mkv"
}