{
    "dover": 0.20641886718951633,
    "dover_res_0": -0.1705031543970108,
    "dover_res_1": 0.012767944484949112,
    "video": "../vd_test_2/upscaled_h265_420_main/Chimera-EP09_8s_24000-32000.avi_360p_crf30_hevc.mkv"
}