{
    "dover": 0.33309661887412456,
    "dover_res_0": -0.13960430026054382,
    "dover_res_1": 0.05112815275788307,
    "video": "../vd_test_2/upscaled_h265_420_main/Chimera-EP09_8s_24000-32000.avi_720p_crf30_hevc.mkv"
}