{
    "dover": 0.48735213044882897,
    "dover_res_0": -0.0873936340212822,
    "dover_res_1": 0.07150038331747055,
    "video": "../vd_test_2/upscaled_h265_420_main/Chimera-EP09_8s_24000-32000.avi_2160p_crf22_hevc.mkv"
}