{
    "dover": 0.46093113522056633,
    "dover_res_0": -0.09495092928409576,
    "dover_res_1": 0.06730853766202927,
    "video": "../vd_test_2/upscaled_h265_420_main/Chimera-EP09_8s_24000-32000.avi_1080p_crf22_hevc.mkv"
}