{
    "dover": 0.36708540948223184,
    "dover_res_0": -0.12611743807792664,
    "dover_res_1": 0.05476485192775726,
    "video": "../vd_test_2/upscaled_h265_420_main/Chimera-EP09_8s_24000-32000.avi_2160p_crf38_hevc.mkv"
}