{
    "dover": 0.37028453454694393,
    "dover_res_0": -0.10591296851634979,
    "dover_res_1": 0.03985342010855675,
    "video": "../vd_test_2/upscaled_h265_420_main/Chimera-EP09_8s_24000-32000.avi_1080p_crf30_hevc.mkv"
}