{
    "dover": 0.23976267674379212,
    "dover_res_0": -0.16523881256580353,
    "dover_res_1": 0.027199221774935722,
    "video": "../vd_test_2/upscaled_h265_420_main/Chimera-EP09_8s_24000-32000.avi_720p_crf38_hevc.mkv"
}