{
    "dover": 0.4020647502995192,
    "dover_res_0": -0.10744170099496841,
    "dover_res_1": 0.054075099527835846,
    "video": "../vd_test_2/upscaled_h265_420_main/Chimera-EP09_8s_24000-32000.avi_2160p_crf30_hevc.mkv"
}