{
    "dover": 0.28703979188461504,
    "dover_res_0": -0.15421603620052338,
    "dover_res_1": 0.04199076443910599,
    "video": "../vd_test_2/upscaled_h265_420_main/Chimera-EP09_8s_24000-32000.avi_360p_crf22_hevc.mkv"
}