{
    "dover": 0.2550684353403886,
    "dover_res_0": -0.1472526490688324,
    "dover_res_1": 0.02070431225001812,
    "video": "../vd_test_2/upscaled_h265_420_main/Chimera-EP09_8s_24000-32000.avi_1080p_crf38_hevc.mkv"
}