{
    "dover": 0.13654595493238902,
    "dover_res_0": -0.1902984380722046,
    "dover_res_1": -0.019522979855537415,
    "video": "../vd_test_2/upscaled_h265_420_main/Chimera-EP09_8s_24000-32000.avi_360p_crf38_hevc.mkv"
}