{
    "dover": 0.6518182577015318,
    "dover_res_0": -0.02187013067305088,
    "dover_res_1": 0.084466852247715,
    "video": "../vd_test_2/upscaled_h265_420_main/CSGO_8s_23000-31000.avi_2160p_crf22_hevc.mkv"
}