{
    "dover": 0.35413819605458957,
    "dover_res_0": -0.11473921686410904,
    "dover_res_1": 0.04017774388194084,
    "video": "../vd_test_2/upscaled_h265_420_main/CSGO_8s_23000-31000.avi_1080p_crf38_hevc.mkv"
}