{
    "dover": 0.39126998891461434,
    "dover_res_0": -0.11905194073915482,
    "dover_res_1": 0.05903932824730873,
    "video": "../vd_test_2/upscaled_h265_420_main/CSGO_8s_23000-31000.avi_720p_crf30_hevc.mkv"
}