{
    "dover": 0.521478991241037,
    "dover_res_0": -0.06267266720533371,
    "dover_res_1": 0.06485606729984283,
    "video": "../vd_test_2/upscaled_h265_420_main/CSGO_8s_23000-31000.avi_2160p_crf38_hevc.mkv"
}