{
    "dover": 0.14374512997494282,
    "dover_res_0": -0.196513831615448,
    "dover_res_1": -0.008738072589039803,
    "video": "../vd_test_2/upscaled_h265_420_main/CSGO_8s_23000-31000.avi_360p_crf38_hevc.mkv"
}