{
    "dover": 0.6100323112219426,
    "dover_res_0": -0.03422534838318825,
    "dover_res_1": 0.07700257003307343,
    "video": "../vd_test_2/upscaled_h265_420_main/CSGO_8s_23000-31000.avi_2160p_crf30_hevc.mkv"
}