{
    "dover": 0.44607762040651033,
    "dover_res_0": -0.10544255375862122,
    "dover_res_1": 0.06993699818849564,
    "video": "../vd_test_2/upscaled_h265_420_main/CSGO_8s_23000-31000.avi_720p_crf22_hevc.mkv"
}