{
    "dover": 0.2303275872833299,
    "dover_res_0": -0.17401014268398285,
    "dover_res_1": 0.02916690893471241,
    "video": "../vd_test_2/upscaled_h265_420_main/CSGO_8s_23000-31000.avi_360p_crf30_hevc.mkv"
}