{
    "dover": 0.28373508250703094,
    "dover_res_0": -0.1734953224658966,
    "dover_res_1": 0.05592014640569687,
    "video": "../vd_test_2/upscaled_h265_420_main/CSGO_8s_23000-31000.avi_360p_crf22_hevc.mkv"
}