{
    "dover": 0.5973973503974311,
    "dover_res_0": -0.04252968728542328,
    "dover_res_1": 0.07856244593858719,
    "video": "../vd_test_2/upscaled_h265_420_main/CSGO_8s_23000-31000.avi_1080p_crf22_hevc.mkv"
}