{
    "dover": 0.5155822240817528,
    "dover_res_0": -0.07050488144159317,
    "dover_res_1": 0.06886455416679382,
    "video": "../vd_test_2/upscaled_h265_420_main/CSGO_8s_23000-31000.avi_1080p_crf30_hevc.mkv"
}