{
    "dover": 0.2534994357484845,
    "dover_res_0": -0.15678171813488007,
    "dover_res_1": 0.027563435956835747,
    "video": "../vd_test_2/upscaled_h265_420_main/CSGO_8s_23000-31000.avi_720p_crf38_hevc.mkv"
}