{
    "dover": 0.29191112394161833,
    "dover_res_0": -0.15438883006572723,
    "dover_res_1": 0.044423963874578476,
    "video": "../vd_test_2/upscaled_h265_420_main/DialogMeridian_360p_crf30_hevc.mkv"
}