{
    "dover": 0.45818506507924106,
    "dover_res_0": -0.10648967325687408,
    "dover_res_1": 0.07551376521587372,
    "video": "../vd_test_2/upscaled_h265_420_main/DialogMeridian_1080p_crf30_hevc.mkv"
}