{
    "dover": 0.6854713284534321,
    "dover_res_0": -0.03790109232068062,
    "dover_res_1": 0.11207760125398636,
    "video": "../vd_test_2/upscaled_h265_420_main/DialogMeridian_2160p_crf22_hevc.mkv"
}