{
    "dover": 0.3724441147279107,
    "dover_res_0": -0.10977927595376968,
    "dover_res_1": 0.04385773092508316,
    "video": "../vd_test_2/upscaled_h265_420_main/DialogMeridian_1080p_crf38_hevc.mkv"
}