{
    "dover": 0.39029298081688185,
    "dover_res_0": -0.1424623280763626,
    "dover_res_1": 0.07746195793151855,
    "video": "../vd_test_2/upscaled_h265_420_main/DialogMeridian_360p_crf22_hevc.mkv"
}