{
    "dover": 0.28738015999967753,
    "dover_res_0": -0.14233165979385376,
    "dover_res_1": 0.03259768709540367,
    "video": "../vd_test_2/upscaled_h265_420_main/DialogMeridian_720p_crf38_hevc.mkv"
}