{
    "dover": 0.4178903416349629,
    "dover_res_0": -0.09465116262435913,
    "dover_res_1": 0.05013054981827736,
    "video": "../vd_test_2/upscaled_h265_420_main/DialogMeridian_2160p_crf38_hevc.mkv"
}