{
    "dover": 0.6037926065245,
    "dover_res_0": -0.06777079403400421,
    "dover_res_1": 0.10143694281578064,
    "video": "../vd_test_2/upscaled_h265_420_main/DialogMeridian_1080p_crf22_hevc.mkv"
}