{
    "dover": 0.5692774908916325,
    "dover_res_0": -0.07106257975101471,
    "dover_res_1": 0.09029026329517365,
    "video": "../vd_test_2/upscaled_h265_420_main/DialogMeridian_2160p_crf30_hevc.mkv"
}