{
    "dover": 0.21265535003696792,
    "dover_res_0": -0.1555454432964325,
    "dover_res_1": 0.004390677437186241,
    "video": "../vd_test_2/upscaled_h265_420_main/DialogMeridian_360p_crf38_hevc.mkv"
}