{
    "dover": 0.4570248148797929,
    "dover_res_0": -0.1158217340707779,
    "dover_res_1": 0.08256320655345917,
    "video": "../vd_test_2/upscaled_h265_420_main/DialogMeridian_720p_crf30_hevc.mkv"
}