{
    "dover": 0.5444144404527742,
    "dover_res_0": -0.09606606513261795,
    "dover_res_1": 0.100629061460495,
    "video": "../vd_test_2/upscaled_h265_420_main/DialogMeridian_720p_crf22_hevc.mkv"
}