{
    "dover": 0.3604482723145215,
    "dover_res_0": -0.07081672549247742,
    "dover_res_1": 0.0075292945839464664,
    "video": "../vd_test_2/upscaled_h265_420_main/ElFuente_8s_224000-231750.avi_2160p_crf22_hevc.mkv"
}