{
    "dover": 0.09735043102460333,
    "dover_res_0": -0.18487705290317535,
    "dover_res_1": -0.06095662713050842,
    "video": "../vd_test_2/upscaled_h265_420_main/ElFuente_8s_224000-231750.avi_360p_crf38_hevc.mkv"
}