{
    "dover": 0.38294547670850837,
    "dover_res_0": -0.09212414175271988,
    "dover_res_1": 0.03399253264069557,
    "video": "../vd_test_2/upscaled_h265_420_main/ElFuente_8s_224000-231750.avi_1080p_crf22_hevc.mkv"
}