{
    "dover": 0.10872628430247261,
    "dover_res_0": -0.20963750779628754,
    "dover_res_1": -0.029116977006196976,
    "video": "../vd_test_2/upscaled_h265_420_main/ElFuente_8s_224000-231750.avi_360p_crf30_hevc.mkv"
}