{
    "dover": 0.18453517325736019,
    "dover_res_0": -0.14837726950645447,
    "dover_res_1": -0.018510451540350914,
    "video": "../vd_test_2/upscaled_h265_420_main/ElFuente_8s_224000-231750.avi_1080p_crf38_hevc.mkv"
}