{
    "dover": 0.20630992992392214,
    "dover_res_0": -0.15532758831977844,
    "dover_res_1": 0.0005035159992985427,
    "video": "../vd_test_2/upscaled_h265_420_main/ElFuente_8s_224000-231750.avi_720p_crf30_hevc.mkv"
}