{
    "dover": 0.2319162607593032,
    "dover_res_0": -0.11947984248399734,
    "dover_res_1": -0.013805283233523369,
    "video": "../vd_test_2/upscaled_h265_420_main/ElFuente_8s_224000-231750.avi_2160p_crf38_hevc.mkv"
}