{
    "dover": 0.35132548451980267,
    "dover_res_0": -0.11427335441112518,
    "dover_res_1": 0.03860983997583389,
    "video": "../vd_test_2/upscaled_h265_420_main/ElFuente_8s_224000-231750.avi_720p_crf22_hevc.mkv"
}