{
    "dover": 0.2370864263246549,
    "dover_res_0": -0.12911257147789001,
    "dover_res_1": -0.003271257970482111,
    "video": "../vd_test_2/upscaled_h265_420_main/ElFuente_8s_224000-231750.avi_1080p_crf30_hevc.mkv"
}