{
    "dover": 0.16417920134802158,
    "dover_res_0": -0.1774444580078125,
    "dover_res_1": -0.008853189647197723,
    "video": "../vd_test_2/upscaled_h265_420_main/ElFuente_8s_224000-231750.avi_360p_crf22_hevc.mkv"
}