{
    "dover": 0.30917995380968843,
    "dover_res_0": -0.0875474140048027,
    "dover_res_1": -0.0013522860826924443,
    "video": "../vd_test_2/upscaled_h265_420_main/ElFuente_8s_224000-231750.avi_2160p_crf30_hevc.mkv"
}