{
    "dover": 0.13897038536953987,
    "dover_res_0": -0.16036657989025116,
    "dover_res_1": -0.04160868376493454,
    "video": "../vd_test_2/upscaled_h265_420_main/ElFuente_8s_224000-231750.avi_720p_crf38_hevc.mkv"
}