{
    "dover": 0.5702962517855209,
    "dover_res_0": -0.03715649992227554,
    "dover_res_1": 0.06343495100736618,
    "video": "../vd_test_2/upscaled_h265_420_main/fr-041_debris_3840x2160_60p_422_ffvhuff_4_8s_2160p_crf22_hevc.mkv"
}