{
    "dover": 0.28451363571017974,
    "dover_res_0": -0.14639292657375336,
    "dover_res_1": 0.034502677619457245,
    "video": "../vd_test_2/upscaled_h265_420_main/fr-041_debris_3840x2160_60p_422_ffvhuff_4_8s_720p_crf38_hevc.mkv"
}