{
    "dover": 0.42891750203337636,
    "dover_res_0": -0.09276783466339111,
    "dover_res_1": 0.05299212038516998,
    "video": "../vd_test_2/upscaled_h265_420_main/fr-041_debris_3840x2160_60p_422_ffvhuff_4_8s_1080p_crf30_hevc.mkv"
}