{
    "dover": 0.4961722225806007,
    "dover_res_0": -0.057285062968730927,
    "dover_res_1": 0.05071396753191948,
    "video": "../vd_test_2/upscaled_h265_420_main/fr-041_debris_3840x2160_60p_422_ffvhuff_4_8s_2160p_crf38_hevc.mkv"
}