{
    "dover": 0.2678861288263155,
    "dover_res_0": -0.15425853431224823,
    "dover_res_1": 0.032767266035079956,
    "video": "../vd_test_2/upscaled_h265_420_main/fr-041_debris_3840x2160_60p_422_ffvhuff_4_8s_360p_crf22_hevc.mkv"
}