{
    "dover": 0.3691046702684692,
    "dover_res_0": -0.10445743799209595,
    "dover_res_1": 0.03819280490279198,
    "video": "../vd_test_2/upscaled_h265_420_main/fr-041_debris_3840x2160_60p_422_ffvhuff_4_8s_1080p_crf38_hevc.mkv"
}