{
    "dover": 0.32891506656189395,
    "dover_res_0": -0.13542644679546356,
    "dover_res_1": 0.045940253883600235,
    "video": "../vd_test_2/upscaled_h265_420_main/fr-041_debris_3840x2160_60p_422_ffvhuff_4_8s_720p_crf30_hevc.mkv"
}