{
    "dover": 0.18794161498002995,
    "dover_res_0": -0.1588055044412613,
    "dover_res_1": -0.00794960092753172,
    "video": "../vd_test_2/upscaled_h265_420_main/fr-041_debris_3840x2160_60p_422_ffvhuff_4_8s_360p_crf38_hevc.mkv"
}