{
    "dover": 0.22538873131180684,
    "dover_res_0": -0.15802566707134247,
    "dover_res_1": 0.013597286306321621,
    "video": "../vd_test_2/upscaled_h265_420_main/fr-041_debris_3840x2160_60p_422_ffvhuff_4_8s_360p_crf30_hevc.mkv"
}