{
    "dover": 0.4743687258005267,
    "dover_res_0": -0.08010733127593994,
    "dover_res_1": 0.06060434877872467,
    "video": "../vd_test_2/upscaled_h265_420_main/fr-041_debris_3840x2160_60p_422_ffvhuff_4_8s_1080p_crf22_hevc.mkv"
}