{
    "dover": 0.3626603731726508,
    "dover_res_0": -0.13431400060653687,
    "dover_res_1": 0.05950456112623215,
    "video": "../vd_test_2/upscaled_h265_420_main/fr-041_debris_3840x2160_60p_422_ffvhuff_4_8s_720p_crf22_hevc.mkv"
}