{
    "dover": 0.5636986744217737,
    "dover_res_0": -0.04058772325515747,
    "dover_res_1": 0.06359022110700607,
    "video": "../vd_test_2/upscaled_h265_420_main/fr-041_debris_3840x2160_60p_422_ffvhuff_4_8s_2160p_crf30_hevc.mkv"
}