{
    "dover": 0.7978612131994578,
    "dover_res_0": -0.05086168274283409,
    "dover_res_1": 0.1800318956375122,
    "video": "../vd_test_2/upscaled_h265_420_main/Knitting_Close_ds_1080p_crf30_hevc.mkv"
}