{
    "dover": 0.60530533192276,
    "dover_res_0": -0.1261967569589615,
    "dover_res_1": 0.14901989698410034,
    "video": "../vd_test_2/upscaled_h265_420_main/Knitting_Close_ds_720p_crf38_hevc.mkv"
}