{
    "dover": 0.8387801800387394,
    "dover_res_0": -0.024715909734368324,
    "dover_res_1": 0.1857677698135376,
    "video": "../vd_test_2/upscaled_h265_420_main/Knitting_Close_ds_2160p_crf30_hevc.mkv"
}