{
    "dover": 0.7776685001575985,
    "dover_res_0": -0.04583493620157242,
    "dover_res_1": 0.16428427398204803,
    "video": "../vd_test_2/upscaled_h265_420_main/Knitting_Close_ds_2160p_crf38_hevc.mkv"
}