{
    "dover": 0.4987215920676418,
    "dover_res_0": -0.13616880774497986,
    "dover_res_1": 0.11511831730604172,
    "video": "../vd_test_2/upscaled_h265_420_main/Knitting_Close_ds_360p_crf38_hevc.mkv"
}