{
    "dover": 0.6969723795059793,
    "dover_res_0": -0.12005831301212311,
    "dover_res_1": 0.18334601819515228,
    "video": "../vd_test_2/upscaled_h265_420_main/Knitting_Close_ds_360p_crf22_hevc.mkv"
}