{
    "dover": 0.7924075437812248,
    "dover_res_0": -0.05858129262924194,
    "dover_res_1": 0.18299460411071777,
    "video": "../vd_test_2/upscaled_h265_420_main/Knitting_Close_ds_720p_crf22_hevc.mkv"
}