{
    "dover": 0.8302559964775312,
    "dover_res_0": -0.03134443983435631,
    "dover_res_1": 0.18511620163917542,
    "video": "../vd_test_2/upscaled_h265_420_main/Knitting_Close_ds_2160p_crf22_hevc.mkv"
}