{
    "dover": 0.6039532658433762,
    "dover_res_0": -0.13508504629135132,
    "dover_res_1": 0.15561752021312714,
    "video": "../vd_test_2/upscaled_h265_420_main/Knitting_Close_ds_360p_crf30_hevc.mkv"
}