{
    "dover": 0.6464441148403346,
    "dover_res_0": -0.10017334669828415,
    "dover_res_1": 0.1451309472322464,
    "video": "../vd_test_2/upscaled_h265_420_main/Knitting_Close_ds_1080p_crf38_hevc.mkv"
}