{
    "dover": 0.8260799959354257,
    "dover_res_0": -0.036918871104717255,
    "dover_res_1": 0.18675486743450165,
    "video": "../vd_test_2/upscaled_h265_420_main/Knitting_Close_ds_1080p_crf22_hevc.mkv"
}