{
    "dover": 0.7485376617907123,
    "dover_res_0": -0.08563955128192902,
    "dover_res_1": 0.1806589961051941,
    "video": "../vd_test_2/upscaled_h265_420_main/Knitting_Close_ds_720p_crf30_hevc.mkv"
}