{
    "dover": 0.1362362681777098,
    "dover_res_0": -0.18418489396572113,
    "dover_res_1": -0.024692486971616745,
    "video": "../vd_test_2/upscaled_h265_420_main/Moment_of_Intensity_8s_360p_crf38_hevc.mkv"
}