{
    "dover": 0.21517674320182614,
    "dover_res_0": -0.16927912831306458,
    "dover_res_1": 0.016884008422493935,
    "video": "../vd_test_2/upscaled_h265_420_main/Moment_of_Intensity_8s_360p_crf22_hevc.mkv"
}