{
    "dover": 0.19261375232474637,
    "dover_res_0": -0.15624721348285675,
    "dover_res_1": -0.0070686726830899715,
    "video": "../vd_test_2/upscaled_h265_420_main/Moment_of_Intensity_8s_720p_crf38_hevc.mkv"
}