{
    "dover": 0.4318915935714671,
    "dover_res_0": -0.07984906435012817,
    "dover_res_1": 0.043781571090221405,
    "video": "../vd_test_2/upscaled_h265_420_main/Moment_of_Intensity_8s_2160p_crf22_hevc.mkv"
}