{
    "dover": 0.3156230134905309,
    "dover_res_0": -0.10238994657993317,
    "dover_res_1": 0.01348559558391571,
    "video": "../vd_test_2/upscaled_h265_420_main/Moment_of_Intensity_8s_2160p_crf38_hevc.mkv"
}