{
    "dover": 0.19534406893856227,
    "dover_res_0": -0.1705128699541092,
    "dover_res_1": 0.0060914382338523865,
    "video": "../vd_test_2/upscaled_h265_420_main/Moment_of_Intensity_8s_360p_crf30_hevc.mkv"
}