{
    "dover": 0.28073724009798406,
    "dover_res_0": -0.12151232361793518,
    "dover_res_1": 0.012696275487542152,
    "video": "../vd_test_2/upscaled_h265_420_main/Moment_of_Intensity_8s_720p_crf30_hevc.mkv"
}