{
    "dover": 0.33614766397549706,
    "dover_res_0": -0.10387375950813293,
    "dover_res_1": 0.02373095415532589,
    "video": "../vd_test_2/upscaled_h265_420_main/Moment_of_Intensity_8s_1080p_crf30_hevc.mkv"
}