{
    "dover": 0.32301841517875135,
    "dover_res_0": -0.1141592413187027,
    "dover_res_1": 0.02624322846531868,
    "video": "../vd_test_2/upscaled_h265_420_main/Moment_of_Intensity_8s_720p_crf22_hevc.mkv"
}