{
    "dover": 0.38957805443219967,
    "dover_res_0": -0.09447450935840607,
    "dover_res_1": 0.03859229385852814,
    "video": "../vd_test_2/upscaled_h265_420_main/Moment_of_Intensity_8s_1080p_crf22_hevc.mkv"
}