{
    "dover": 0.36441455919707316,
    "dover_res_0": -0.08755432069301605,
    "dover_res_1": 0.022647757083177567,
    "video": "../vd_test_2/upscaled_h265_420_main/Moment_of_Intensity_8s_2160p_crf30_hevc.mkv"
}