{
    "dover": 0.28425072897384024,
    "dover_res_0": -0.12063175439834595,
    "dover_res_1": 0.013667521066963673,
    "video": "../vd_test_2/upscaled_h265_420_main/Moment_of_Intensity_8s_1080p_crf38_hevc.mkv"
}