{
    "dover": 0.685829404624485,
    "dover_res_0": -0.036406006664037704,
    "dover_res_1": 0.11103659868240356,
    "video": "../vd_test_2/upscaled_h265_420_main/monkeys_harmonic_0_cropped_8s_1080p_crf30_hevc.mkv"
}