{
    "dover": 0.5063525926718032,
    "dover_res_0": -0.07469544559717178,
    "dover_res_1": 0.06865537911653519,
    "video": "../vd_test_2/upscaled_h265_420_main/monkeys_harmonic_0_cropped_8s_720p_crf38_hevc.mkv"
}