{
    "dover": 0.6706073532268702,
    "dover_res_0": -0.03541269153356552,
    "dover_res_1": 0.10348054766654968,
    "video": "../vd_test_2/upscaled_h265_420_main/monkeys_harmonic_0_cropped_8s_2160p_crf38_hevc.mkv"
}