{
    "dover": 0.42733133648479593,
    "dover_res_0": -0.11340745538473129,
    "dover_res_1": 0.06895723193883896,
    "video": "../vd_test_2/upscaled_h265_420_main/monkeys_harmonic_0_cropped_8s_360p_crf30_hevc.mkv"
}