{
    "dover": 0.7358235417635962,
    "dover_res_0": -0.026990316808223724,
    "dover_res_1": 0.1270720660686493,
    "video": "../vd_test_2/upscaled_h265_420_main/monkeys_harmonic_0_cropped_8s_1080p_crf22_hevc.mkv"
}