{
    "dover": 0.6921729031412057,
    "dover_res_0": -0.0482163205742836,
    "dover_res_1": 0.12339895963668823,
    "video": "../vd_test_2/upscaled_h265_420_main/monkeys_harmonic_0_cropped_8s_720p_crf22_hevc.mkv"
}