{
    "dover": 0.5272718060712389,
    "dover_res_0": -0.11130611598491669,
    "dover_res_1": 0.1062035858631134,
    "video": "../vd_test_2/upscaled_h265_420_main/monkeys_harmonic_0_cropped_8s_360p_crf22_hevc.mkv"
}