{
    "dover": 0.7388734429170928,
    "dover_res_0": -0.02148519828915596,
    "dover_res_1": 0.1241718977689743,
    "video": "../vd_test_2/upscaled_h265_420_main/monkeys_harmonic_0_cropped_8s_2160p_crf30_hevc.mkv"
}