{
    "dover": 0.6152626897236582,
    "dover_res_0": -0.056014157831668854,
    "dover_res_1": 0.09665413945913315,
    "video": "../vd_test_2/upscaled_h265_420_main/monkeys_harmonic_0_cropped_8s_1080p_crf38_hevc.mkv"
}