{
    "dover": 0.7808784660226054,
    "dover_res_0": -0.01805664598941803,
    "dover_res_1": 0.14376042783260345,
    "video": "../vd_test_2/upscaled_h265_420_main/monkeys_harmonic_0_cropped_8s_2160p_crf22_hevc.mkv"
}