{
    "dover": 0.6424765273164926,
    "dover_res_0": -0.046660952270030975,
    "dover_res_1": 0.10043369978666306,
    "video": "../vd_test_2/upscaled_h265_420_main/monkeys_harmonic_0_cropped_8s_720p_crf30_hevc.mkv"
}