{
    "dover": 0.23962178564167708,
    "dover_res_0": -0.16359512507915497,
    "dover_res_1": 0.025802932679653168,
    "video": "../vd_test_2/upscaled_h265_420_main/monkeys_harmonic_0_cropped_8s_360p_crf38_hevc.mkv"
}