{
    "dover": 0.19600064424421793,
    "dover_res_0": -0.18025892972946167,
    "dover_res_1": 0.014330641366541386,
    "video": "../vd_test_2/upscaled_h265_420_main/Reading_Stairs_ds_360p_crf30_hevc.mkv"
}