{
    "dover": 0.33541574302350446,
    "dover_res_0": -0.10847948491573334,
    "dover_res_1": 0.02711571380496025,
    "video": "../vd_test_2/upscaled_h265_420_main/ReadySetGoJockeyConcat_8s_0-8000.avi_2160p_crf38_hevc.mkv"
}