{
    "dover": 0.45768107724699997,
    "dover_res_0": -0.03993983939290047,
    "dover_res_1": 0.021816106513142586,
    "video": "../vd_test_2/upscaled_h265_420_main/Reading_Stairs_ds_2160p_crf30_hevc.mkv"
}