{
    "dover": 0.18087942022272824,
    "dover_res_0": -0.1679772138595581,
    "dover_res_1": -0.005125175695866346,
    "video": "../vd_test_2/upscaled_h265_420_main/ReadySetGoJockeyConcat_8s_0-8000.avi_720p_crf38_hevc.mkv"
}