{
    "dover": 0.35810330945954405,
    "dover_res_0": -0.10285106301307678,
    "dover_res_1": 0.032295674085617065,
    "video": "../vd_test_2/upscaled_h265_420_main/ReadySetGoJockeyConcat_8s_0-8000.avi_2160p_crf30_hevc.mkv"
}