{
    "dover": 0.3018791167084516,
    "dover_res_0": -0.11867152154445648,
    "dover_res_1": 0.02033589780330658,
    "video": "../vd_test_2/upscaled_h265_420_main/ReadySetGoJockeyConcat_8s_0-8000.avi_720p_crf30_hevc.mkv"
}