{
    "dover": 0.2413290548314596,
    "dover_res_0": -0.143302321434021,
    "dover_res_1": 0.010394537821412086,
    "video": "../vd_test_2/upscaled_h265_420_main/Reading_Stairs_ds_1080p_crf38_hevc.mkv"
}