{
    "dover": 0.3442876184229439,
    "dover_res_0": -0.11574678868055344,
    "dover_res_1": 0.03678883984684944,
    "video": "../vd_test_2/upscaled_h265_420_main/ReadySetGoJockeyConcat_8s_0-8000.avi_720p_crf22_hevc.mkv"
}