{
    "dover": 0.1682378294755767,
    "dover_res_0": -0.18090955913066864,
    "dover_res_1": -0.003230445785447955,
    "video": "../vd_test_2/upscaled_h265_420_main/ReadySetGoJockeyConcat_8s_0-8000.avi_360p_crf30_hevc.mkv"
}