{
    "dover": 0.3530002077299395,
    "dover_res_0": -0.10502444952726364,
    "dover_res_1": 0.031885504722595215,
    "video": "../vd_test_2/upscaled_h265_420_main/ReadySetGoJockeyConcat_8s_0-8000.avi_1080p_crf30_hevc.mkv"
}