{
    "dover": 0.27850557813393595,
    "dover_res_0": -0.1356097012758255,
    "dover_res_1": 0.02295628748834133,
    "video": "../vd_test_2/upscaled_h265_420_main/Reading_Stairs_ds_720p_crf22_hevc.mkv"
}