{
    "dover": 0.4936335578052288,
    "dover_res_0": -0.03271011263132095,
    "dover_res_1": 0.029973812401294708,
    "video": "../vd_test_2/upscaled_h265_420_main/Reading_Stairs_ds_2160p_crf22_hevc.mkv"
}