{
    "dover": 0.4550613742658682,
    "dover_res_0": -0.06582890450954437,
    "dover_res_1": 0.041606079787015915,
    "video": "../vd_test_2/upscaled_h265_420_main/ReadySetGoJockeyConcat_8s_0-8000.avi_1080p_crf22_hevc.mkv"
}