{
    "dover": 0.22097505937134554,
    "dover_res_0": -0.17305228114128113,
    "dover_res_1": 0.0232114065438509,
    "video": "../vd_test_2/upscaled_h265_420_main/ReadySetGoJockeyConcat_8s_0-8000.avi_360p_crf22_hevc.mkv"
}