{
    "dover": 0.378450720878726,
    "dover_res_0": -0.07952398806810379,
    "dover_res_1": 0.022016214206814766,
    "video": "../vd_test_2/upscaled_h265_420_main/Reading_Stairs_ds_1080p_crf22_hevc.mkv"
}