{
    "dover": 0.23903634182770933,
    "dover_res_0": -0.14742359519004822,
    "dover_res_1": 0.012490744702517986,
    "video": "../vd_test_2/upscaled_h265_420_main/Reading_Stairs_ds_720p_crf30_hevc.mkv"
}