{
    "dover": 0.452109084403645,
    "dover_res_0": -0.06763572245836258,
    "dover_res_1": 0.041904740035533905,
    "video": "../vd_test_2/upscaled_h265_420_main/ReadySetGoJockeyConcat_8s_0-8000.avi_2160p_crf22_hevc.mkv"
}