{
    "dover": 0.1921260206891077,
    "dover_res_0": -0.17705100774765015,
    "dover_res_1": 0.009351890534162521,
    "video": "../vd_test_2/upscaled_h265_420_main/Reading_Stairs_ds_720p_crf38_hevc.mkv"
}