{
    "dover": 0.17057554388424678,
    "dover_res_0": -0.19616574048995972,
    "dover_res_1": 0.010643748566508293,
    "video": "../vd_test_2/upscaled_h265_420_main/Reading_Stairs_ds_360p_crf22_hevc.mkv"
}