{
    "dover": 0.38967012898070896,
    "dover_res_0": -0.060800109058618546,
    "dover_res_1": 0.011558151803910732,
    "video": "../vd_test_2/upscaled_h265_420_main/Reading_Stairs_ds_2160p_crf38_hevc.mkv"
}