{
    "dover": 0.11266887029026225,
    "dover_res_0": -0.19151867926120758,
    "dover_res_1": -0.03980325907468796,
    "video": "../vd_test_2/upscaled_h265_420_main/ReadySetGoJockeyConcat_8s_0-8000.avi_360p_crf38_hevc.mkv"
}