{
    "dover": 0.25656868283881323,
    "dover_res_0": -0.13698822259902954,
    "dover_res_1": 0.0132158687338233,
    "video": "../vd_test_2/upscaled_h265_420_main/ReadySetGoJockeyConcat_8s_0-8000.avi_1080p_crf38_hevc.mkv"
}