{
    "dover": 0.32279866108589256,
    "dover_res_0": -0.1029231995344162,
    "dover_res_1": 0.01711294613778591,
    "video": "../vd_test_2/upscaled_h265_420_main/Reading_Stairs_ds_1080p_crf30_hevc.mkv"
}