{
    "dover": 0.14863096478655083,
    "dover_res_0": -0.20235519111156464,
    "dover_res_1": -0.00024994343402795494,
    "video": "../vd_test_2/upscaled_h265_420_main/Reading_Stairs_ds_360p_crf38_hevc.mkv"
}