{
    "dover": 0.29231894234130684,
    "dover_res_0": -0.12741690874099731,
    "dover_res_1": 0.022931642830371857,
    "video": "../vd_test_2/upscaled_h265_420_main/Rocket-2_8s_90000-98000.avi_1080p_crf38_hevc.mkv"
}