{
    "dover": 0.49923900104226193,
    "dover_res_0": -0.09102240204811096,
    "dover_res_1": 0.079024538397789,
    "video": "../vd_test_2/upscaled_h265_420_main/Rocket-2_8s_90000-98000.avi_2160p_crf38_hevc.mkv"
}