{
    "dover": 0.29042768932576635,
    "dover_res_0": -0.15467937290668488,
    "dover_res_1": 0.0439612902700901,
    "video": "../vd_test_2/upscaled_h265_420_main/Rocket-2_8s_90000-98000.avi_360p_crf22_hevc.mkv"
}