{
    "dover": 0.5313849172558591,
    "dover_res_0": -0.10136710852384567,
    "dover_res_1": 0.09981261938810349,
    "video": "../vd_test_2/upscaled_h265_420_main/Rocket-2_8s_90000-98000.avi_720p_crf22_hevc.mkv"
}