{
    "dover": 0.5369730826292484,
    "dover_res_0": -0.07460745424032211,
    "dover_res_1": 0.08047536015510559,
    "video": "../vd_test_2/upscaled_h265_420_main/Rocket-2_8s_90000-98000.avi_1080p_crf22_hevc.mkv"
}