{
    "dover": 0.20567250398051398,
    "dover_res_0": -0.15894652903079987,
    "dover_res_1": 0.00303534884005785,
    "video": "../vd_test_2/upscaled_h265_420_main/Rocket-2_8s_90000-98000.avi_720p_crf38_hevc.mkv"
}