{
    "dover": 0.4446345688666717,
    "dover_res_0": -0.08505991101264954,
    "dover_res_1": 0.05298500508069992,
    "video": "../vd_test_2/upscaled_h265_420_main/Rocket-2_8s_90000-98000.avi_1080p_crf30_hevc.mkv"
}