{
    "dover": 0.3583947376415262,
    "dover_res_0": -0.12134388089179993,
    "dover_res_1": 0.047285277396440506,
    "video": "../vd_test_2/upscaled_h265_420_main/Rocket-2_8s_90000-98000.avi_720p_crf30_hevc.mkv"
}