{
    "dover": 0.1752259449129248,
    "dover_res_0": -0.17969585955142975,
    "dover_res_1": 0.0005534408264793456,
    "video": "../vd_test_2/upscaled_h265_420_main/Rocket-2_8s_90000-98000.avi_360p_crf30_hevc.mkv"
}