{
    "dover": 0.6851490023516462,
    "dover_res_0": -0.03214295208454132,
    "dover_res_1": 0.10730371624231339,
    "video": "../vd_test_2/upscaled_h265_420_main/Rocket-2_8s_90000-98000.avi_2160p_crf22_hevc.mkv"
}