{
    "dover": 0.616651487595002,
    "dover_res_0": -0.058944180607795715,
    "dover_res_1": 0.0995783656835556,
    "video": "../vd_test_2/upscaled_h265_420_main/Rocket-2_8s_90000-98000.avi_2160p_crf30_hevc.mkv"
}