{
    "dover": 0.11713523580629938,
    "dover_res_0": -0.19307541847229004,
    "dover_res_1": -0.03429708257317543,
    "video": "../vd_test_2/upscaled_h265_420_main/Rocket-2_8s_90000-98000.avi_360p_crf38_hevc.mkv"
}