{
    "dover": 0.333219578886868,
    "dover_res_0": -0.11588938534259796,
    "dover_res_1": 0.032116785645484924,
    "video": "../vd_test_2/upscaled_h265_420_main/Sparks_8s_107000-115000.avi_1080p_crf38_hevc.mkv"
}