{
    "dover": 0.48333037517379557,
    "dover_res_0": -0.09795865416526794,
    "dover_res_1": 0.07843417674303055,
    "video": "../vd_test_2/upscaled_h265_420_main/Sparks_8s_107000-115000.avi_1080p_crf30_hevc.mkv"
}