{
    "dover": 0.19077515155014316,
    "dover_res_0": -0.18988348543643951,
    "dover_res_1": 0.01882287673652172,
    "video": "../vd_test_2/upscaled_h265_420_main/Sparks_8s_107000-115000.avi_360p_crf30_hevc.mkv"
}