{
    "dover": 0.10248165619721002,
    "dover_res_0": -0.19272960722446442,
    "dover_res_1": -0.04911572486162186,
    "video": "../vd_test_2/upscaled_h265_420_main/Sparks_8s_107000-115000.avi_360p_crf38_hevc.mkv"
}