{
    "dover": 0.40073436591709827,
    "dover_res_0": -0.13138753175735474,
    "dover_res_1": 0.07278937101364136,
    "video": "../vd_test_2/upscaled_h265_420_main/Sparks_8s_107000-115000.avi_720p_crf30_hevc.mkv"
}