{
    "dover": 0.6012901029937548,
    "dover_res_0": -0.06696878373622894,
    "dover_res_1": 0.09977995604276657,
    "video": "../vd_test_2/upscaled_h265_420_main/Sparks_8s_107000-115000.avi_2160p_crf30_hevc.mkv"
}