{
    "dover": 0.44589879990660825,
    "dover_res_0": -0.0907069593667984,
    "dover_res_1": 0.05802059918642044,
    "video": "../vd_test_2/upscaled_h265_420_main/Sparks_8s_107000-115000.avi_2160p_crf38_hevc.mkv"
}