{
    "dover": 0.6544597203495264,
    "dover_res_0": -0.051990605890750885,
    "dover_res_1": 0.10981086641550064,
    "video": "../vd_test_2/upscaled_h265_420_main/Sparks_8s_107000-115000.avi_2160p_crf22_hevc.mkv"
}