{
    "dover": 0.3422440385157655,
    "dover_res_0": -0.1559407263994217,
    "dover_res_1": 0.06822357326745987,
    "video": "../vd_test_2/upscaled_h265_420_main/Sparks_8s_107000-115000.avi_360p_crf22_hevc.mkv"
}