{
    "dover": 0.21209480707717476,
    "dover_res_0": -0.16403035819530487,
    "dover_res_1": 0.010887285694479942,
    "video": "../vd_test_2/upscaled_h265_420_main/Sparks_8s_107000-115000.avi_720p_crf38_hevc.mkv"
}