{
    "dover": 0.6144310811840289,
    "dover_res_0": -0.059743281453847885,
    "dover_res_1": 0.09931189566850662,
    "video": "../vd_test_2/upscaled_h265_420_main/Sparks_8s_107000-115000.avi_1080p_crf22_hevc.mkv"
}