{
    "dover": 0.5435165398446785,
    "dover_res_0": -0.09332752227783203,
    "dover_res_1": 0.09807685762643814,
    "video": "../vd_test_2/upscaled_h265_420_main/Sparks_8s_107000-115000.avi_720p_crf22_hevc.mkv"
}