{
    "dover": 0.24357123514729115,
    "dover_res_0": -0.17494989931583405,
    "dover_res_1": 0.03701933100819588,
    "video": "../vd_test_2/upscaled_h265_420_main/venice_harmonic_2_cropped_8s_360p_crf22_hevc.mkv"
}