{
    "dover": 0.3930849019613304,
    "dover_res_0": -0.08630646020174026,
    "dover_res_1": 0.03345199301838875,
    "video": "../vd_test_2/upscaled_h265_420_main/venice_harmonic_2_cropped_8s_1080p_crf22_hevc.mkv"
}