{
    "dover": 0.5182565957876042,
    "dover_res_0": -0.06007052958011627,
    "dover_res_1": 0.06151357293128967,
    "video": "../vd_test_2/upscaled_h265_420_main/venice_harmonic_2_cropped_8s_2160p_crf22_hevc.mkv"
}