{
    "dover": 0.3252466796675579,
    "dover_res_0": -0.10278813540935516,
    "dover_res_1": 0.018087023869156837,
    "video": "../vd_test_2/upscaled_h265_420_main/venice_harmonic_2_cropped_8s_2160p_crf38_hevc.mkv"
}