{
    "dover": 0.15521099138752262,
    "dover_res_0": -0.18871426582336426,
    "dover_res_1": -0.006268379278481007,
    "video": "../vd_test_2/upscaled_h265_420_main/venice_harmonic_2_cropped_8s_720p_crf38_hevc.mkv"
}