{
    "dover": 0.25618932502888025,
    "dover_res_0": -0.1539587825536728,
    "dover_res_1": 0.026666151359677315,
    "video": "../vd_test_2/upscaled_h265_420_main/venice_harmonic_2_cropped_8s_1080p_crf38_hevc.mkv"
}