{
    "dover": 0.11789609018916104,
    "dover_res_0": -0.2018384039402008,
    "dover_res_1": -0.026541616767644882,
    "video": "../vd_test_2/upscaled_h265_420_main/venice_harmonic_2_cropped_8s_360p_crf38_hevc.mkv"
}