{
    "dover": 0.32038952853131786,
    "dover_res_0": -0.1167771965265274,
    "dover_res_1": 0.027180837467312813,
    "video": "../vd_test_2/upscaled_h265_420_main/venice_harmonic_2_cropped_8s_720p_crf22_hevc.mkv"
}