{
    "dover": 0.2832697659767494,
    "dover_res_0": -0.11739881336688995,
    "dover_res_1": 0.01060093566775322,
    "video": "../vd_test_2/upscaled_h265_420_main/venice_harmonic_2_cropped_8s_1080p_crf30_hevc.mkv"
}