{
    "dover": 0.1990373709668786,
    "dover_res_0": -0.18403048813343048,
    "dover_res_1": 0.019218575209379196,
    "video": "../vd_test_2/upscaled_h265_420_main/venice_harmonic_2_cropped_8s_360p_crf30_hevc.mkv"
}