{
    "dover": 0.40164910898169176,
    "dover_res_0": -0.06955203413963318,
    "dover_res_1": 0.023447196930646896,
    "video": "../vd_test_2/upscaled_h265_420_main/venice_harmonic_2_cropped_8s_2160p_crf30_hevc.mkv"
}