{
    "dover": 0.25018781499292453,
    "dover_res_0": -0.15017662942409515,
    "dover_res_1": 0.02055087871849537,
    "video": "../vd_test_2/upscaled_h265_420_main/venice_harmonic_2_cropped_8s_720p_crf30_hevc.mkv"
}