{
    "mean_vila": 0.4008854031562805,
    "mean_vila_cc": 0.3271186947822571,
    "video": "../vd_test_1/cpvs/AVT-Faces_lighting1__V4-0012_400k_720_hevc.mkv"
}