{
    "mean_vila": 0.3952956199645996,
    "mean_vila_cc": 0.3759438395500183,
    "video": "../vd_test_1/cpvs/AVT-Faces_lighting1__V4-0012_15000k_2160_hevc.mkv"
}