{
    "mean_vila": 0.4006268084049225,
    "mean_vila_cc": 0.21974603831768036,
    "video": "../vd_test_1/cpvs/AVT-Faces_lighting1__V4-0005_100k_360_hevc.mkv"
}