{
    "mean_vila": 0.4464096426963806,
    "mean_vila_cc": 0.4031100273132324,
    "video": "../vd_test_1/cpvs/AVT-Faces_lighting1__V4-0005_3500k_1080_hevc.mkv"
}