{
    "mean_vila": 0.4445057809352875,
    "mean_vila_cc": 0.41055744886398315,
    "video": "../vd_test_1/cpvs/AVT-Faces_lighting1__V4-0005_7000k_1080_hevc.mkv"
}