{
    "mean_vila": 0.4485311508178711,
    "mean_vila_cc": 0.4268156588077545,
    "video": "../vd_test_1/cpvs/AVT-Faces_lighting1__V4-0005_15000k_2160_hevc.mkv"
}