{
    "mean_vila": 0.44120678305625916,
    "mean_vila_cc": 0.335845947265625,
    "video": "../vd_test_1/cpvs/AVT-Faces_lighting1__V4-0005_400k_720_hevc.mkv"
}