{
    "mean_vila": 0.40315309166908264,
    "mean_vila_cc": 0.36529648303985596,
    "video": "../vd_test_1/cpvs/AVT-Faces_lighting1__V4-0012_1000k_1080_hevc.mkv"
}