{
    "mean_vila": 0.44817477464675903,
    "mean_vila_cc": 0.42545294761657715,
    "video": "../vd_test_1/cpvs/AVT-Faces_lighting1__V4-0005_7000k_2160_hevc.mkv"
}