{
    "mean_vila": 0.39948055148124695,
    "mean_vila_cc": 0.37641018629074097,
    "video": "../vd_test_1/cpvs/AVT-Faces_lighting1__V4-0012_3500k_2160_hevc.mkv"
}