{
    "mean_vila": 0.4489747881889343,
    "mean_vila_cc": 0.4225537180900574,
    "video": "../vd_test_1/cpvs/AVT-Faces_lighting1__V4-0005_3500k_2160_hevc.mkv"
}