{
    "mean_vila": 0.39997634291648865,
    "mean_vila_cc": 0.3753295838832855,
    "video": "../vd_test_1/cpvs/AVT-Faces_lighting1__V4-0012_3500k_1080_hevc.mkv"
}