{
    "mean_vila": 0.39934295415878296,
    "mean_vila_cc": 0.37860652804374695,
    "video": "../vd_test_1/cpvs/AVT-Faces_lighting1__V4-0012_7000k_2160_hevc.mkv"
}