{
    "mean_vila": 0.35772836208343506,
    "mean_vila_cc": 0.20697657763957977,
    "video": "../vd_test_1/cpvs/AVT-Faces_lighting1__V4-0012_100k_360_hevc.mkv"
}