{
    "mean_vila": 0.4620910584926605,
    "mean_vila_cc": 0.41191554069519043,
    "video": "../vd_test_1/cpvs/BunnyAnimation_15000k_2160_hevc.mkv"
}