{
    "mean_vila": 0.4623366892337799,
    "mean_vila_cc": 0.40068715810775757,
    "video": "../vd_test_1/cpvs/BunnyAnimation_3500k_2160_hevc.mkv"
}