{
    "mean_vila": 0.46418896317481995,
    "mean_vila_cc": 0.39174017310142517,
    "video": "../vd_test_1/cpvs/BunnyAnimation_3500k_1080_hevc.mkv"
}