{
    "mean_vila": 0.3182530701160431,
    "mean_vila_cc": 0.2195626199245453,
    "video": "../vd_test_1/cpvs/BunnyAnimation_100k_360_hevc.mkv"
}