{
    "mean_vila": 0.4553910195827484,
    "mean_vila_cc": 0.3673410415649414,
    "video": "../vd_test_1/cpvs/BunnyAnimation_1000k_1080_hevc.mkv"
}