{
    "mean_vila": 0.4597558081150055,
    "mean_vila_cc": 0.35102739930152893,
    "video": "../vd_test_1/cpvs/BunnyAnimation_1000k_720_hevc.mkv"
}