{
    "mean_vila": 0.4633481502532959,
    "mean_vila_cc": 0.4114113748073578,
    "video": "../vd_test_1/cpvs/BunnyAnimation_7000k_2160_hevc.mkv"
}