{
    "mean_vila": 0.3288494348526001,
    "mean_vila_cc": 0.13378652930259705,
    "video": "../vd_test_1/cpvs/cutting_orange_tuil_8s_100k_360_hevc.mkv"
}