{
    "mean_vila": 0.4296680688858032,
    "mean_vila_cc": 0.2063947319984436,
    "video": "../vd_test_1/cpvs/cutting_orange_tuil_8s_400k_720_hevc.mkv"
}