{
    "mean_vila": 0.4464063048362732,
    "mean_vila_cc": 0.23716843128204346,
    "video": "../vd_test_1/cpvs/cutting_orange_tuil_8s_1000k_1080_hevc.mkv"
}