{
    "mean_vila": 0.4476964473724365,
    "mean_vila_cc": 0.2548048496246338,
    "video": "../vd_test_1/cpvs/cutting_orange_tuil_8s_7000k_1080_hevc.mkv"
}