{
    "mean_vila": 0.4522867202758789,
    "mean_vila_cc": 0.26438671350479126,
    "video": "../vd_test_1/cpvs/cutting_orange_tuil_8s_3500k_2160_hevc.mkv"
}