{
    "mean_vila": 0.4532460570335388,
    "mean_vila_cc": 0.2691833972930908,
    "video": "../vd_test_1/cpvs/cutting_orange_tuil_8s_7000k_2160_hevc.mkv"
}