{
    "mean_vila": 0.451539546251297,
    "mean_vila_cc": 0.26701176166534424,
    "video": "../vd_test_1/cpvs/cutting_orange_tuil_8s_15000k_2160_hevc.mkv"
}