{
    "mean_vila": 0.5806151628494263,
    "mean_vila_cc": 0.4705454409122467,
    "video": "../vd_test_1/cpvs/DialogMeridian_1000k_720_hevc.mkv"
}