{
    "mean_vila": 0.583774745464325,
    "mean_vila_cc": 0.48670095205307007,
    "video": "../vd_test_1/cpvs/DialogMeridian_1000k_1080_hevc.mkv"
}