{
    "mean_vila": 0.5902951955795288,
    "mean_vila_cc": 0.5254451632499695,
    "video": "../vd_test_1/cpvs/DialogMeridian_15000k_2160_hevc.mkv"
}