{
    "mean_vila": 0.5882248878479004,
    "mean_vila_cc": 0.5173983573913574,
    "video": "../vd_test_1/cpvs/DialogMeridian_7000k_1080_hevc.mkv"
}