{
    "mean_vila": 0.5928488373756409,
    "mean_vila_cc": 0.5243287086486816,
    "video": "../vd_test_1/cpvs/DialogMeridian_7000k_2160_hevc.mkv"
}