{
    "mean_vila": 0.5922548770904541,
    "mean_vila_cc": 0.5162050724029541,
    "video": "../vd_test_1/cpvs/DialogMeridian_3500k_2160_hevc.mkv"
}