{
    "mean_vila": 0.5268843173980713,
    "mean_vila_cc": 0.3426397740840912,
    "video": "../vd_test_1/cpvs/DialogMeridian_400k_360_hevc.mkv"
}