{
    "mean_vila": 0.6384129524230957,
    "mean_vila_cc": 0.4798123836517334,
    "video": "../vd_test_1/cpvs/fr-041_debris_3840x2160_60p_422_ffvhuff_4_8s_3500k_1080_hevc.mkv"
}