{
    "mean_vila": 0.6607263684272766,
    "mean_vila_cc": 0.5643719434738159,
    "video": "../vd_test_1/cpvs/fr-041_debris_3840x2160_60p_422_ffvhuff_4_8s_15000k_2160_hevc.mkv"
}