{
    "mean_vila": 0.6454044580459595,
    "mean_vila_cc": 0.5470681190490723,
    "video": "../vd_test_1/cpvs/fr-041_debris_3840x2160_60p_422_ffvhuff_4_8s_7000k_2160_hevc.mkv"
}