{
    "mean_vila": 0.5964000225067139,
    "mean_vila_cc": 0.40008050203323364,
    "video": "../vd_test_1/cpvs/fr-041_debris_3840x2160_60p_422_ffvhuff_4_8s_1000k_720_hevc.mkv"
}