{
    "mean_vila": 0.46508848667144775,
    "mean_vila_cc": 0.2481878399848938,
    "video": "../vd_test_1/cpvs/fr-041_debris_3840x2160_60p_422_ffvhuff_4_8s_400k_360_hevc.mkv"
}