{
    "mean_vila": 0.6029188632965088,
    "mean_vila_cc": 0.4845537841320038,
    "video": "../vd_test_1/cpvs/fr-041_debris_3840x2160_60p_422_ffvhuff_4_8s_3500k_2160_hevc.mkv"
}