{
    "mean_vila": 0.5435710549354553,
    "mean_vila_cc": 0.38001441955566406,
    "video": "../vd_test_1/cpvs/fr-041_debris_3840x2160_60p_422_ffvhuff_4_8s_1000k_1080_hevc.mkv"
}