{
    "mean_vila": 0.5047770738601685,
    "mean_vila_cc": 0.4056292772293091,
    "video": "../vd_test_1/cpvs/water_netflix_8s_7000k_2160_hevc.mkv"
}