{
    "mean_vila": 0.47937890887260437,
    "mean_vila_cc": 0.28662794828414917,
    "video": "../vd_test_1/cpvs/water_netflix_8s_400k_720_hevc.mkv"
}