{
    "mean_vila": 0.5199500322341919,
    "mean_vila_cc": 0.4088357985019684,
    "video": "../vd_test_1/cpvs/water_netflix_8s_15000k_2160_hevc.mkv"
}