{
    "mean_vila": 0.3922671675682068,
    "mean_vila_cc": 0.21505342423915863,
    "video": "../vd_test_1/cpvs/water_netflix_8s_100k_360_hevc.mkv"
}