{
    "mean_vila": 0.4947546720504761,
    "mean_vila_cc": 0.37022319436073303,
    "video": "../vd_test_1/cpvs/water_netflix_8s_3500k_1080_hevc.mkv"
}