{
    "mean_vila": 0.49684128165245056,
    "mean_vila_cc": 0.4011543393135071,
    "video": "../vd_test_1/cpvs/water_netflix_8s_3500k_2160_hevc.mkv"
}