{
    "mean_vila": 0.4926671087741852,
    "mean_vila_cc": 0.32233908772468567,
    "video": "../vd_test_1/cpvs/water_netflix_8s_1000k_1080_hevc.mkv"
}