{
    "mean_musiq": 57.5327033996582,
    "mean_musiq_cc": 63.72660446166992,
    "video": "../vd_test_1/cpvs/AVT-Faces_lighting1__V4-0012_7000k_2160_hevc.mkv"
}