{
    "mean_musiq": 45.794986724853516,
    "mean_musiq_cc": 52.22477340698242,
    "video": "../vd_test_1/cpvs/AVT-Faces_lighting1__V4-0012_1000k_1080_hevc.mkv"
}