{
    "mean_musiq": 22.04141616821289,
    "mean_musiq_cc": 24.287273406982422,
    "video": "../vd_test_1/cpvs/AVT-Faces_lighting1__V4-0012_100k_360_hevc.mkv"
}