{
    "mean_musiq": 47.364768981933594,
    "mean_musiq_cc": 55.70360565185547,
    "video": "../vd_test_1/cpvs/AVT-Faces_lighting1__V4-0012_3500k_1080_hevc.mkv"
}