{
    "mean_musiq": 56.77162551879883,
    "mean_musiq_cc": 63.014434814453125,
    "video": "../vd_test_1/cpvs/AVT-Faces_lighting1__V4-0012_3500k_2160_hevc.mkv"
}