{
    "mean_musiq": 58.355628967285156,
    "mean_musiq_cc": 64.30131530761719,
    "video": "../vd_test_1/cpvs/AVT-Faces_lighting1__V4-0012_15000k_2160_hevc.mkv"
}