{
    "mean_musiq": 56.59014129638672,
    "mean_musiq_cc": 64.13063049316406,
    "video": "../vd_test_1/cpvs/AVT-Faces_lighting1__V4-0005_3500k_2160_hevc.mkv"
}