{
    "mean_musiq": 56.48615264892578,
    "mean_musiq_cc": 66.00801086425781,
    "video": "../vd_test_1/cpvs/AVT-Faces_lighting1__V4-0005_15000k_2160_hevc.mkv"
}