{
    "mean_musiq": 46.9737663269043,
    "mean_musiq_cc": 57.350975036621094,
    "video": "../vd_test_1/cpvs/AVT-Faces_lighting1__V4-0005_3500k_1080_hevc.mkv"
}