{
    "mean_musiq": 56.5037727355957,
    "mean_musiq_cc": 64.95171356201172,
    "video": "../vd_test_1/cpvs/AVT-Faces_lighting1__V4-0005_7000k_2160_hevc.mkv"
}