{
    "mean_musiq": 37.27487564086914,
    "mean_musiq_cc": 40.06726837158203,
    "video": "../vd_test_1/cpvs/AVT-Faces_lighting1__V4-0012_400k_720_hevc.mkv"
}