{
    "mean_musiq": 22.629127502441406,
    "mean_musiq_cc": 22.466176986694336,
    "video": "../vd_test_1/cpvs/AVT-Faces_lighting1__V4-0005_100k_360_hevc.mkv"
}