{
    "mean_musiq": 47.43922424316406,
    "mean_musiq_cc": 58.70784378051758,
    "video": "../vd_test_1/cpvs/AVT-Faces_lighting1__V4-0005_7000k_1080_hevc.mkv"
}