{
    "mean_musiq": 38.719661712646484,
    "mean_musiq_cc": 43.37933349609375,
    "video": "../vd_test_1/cpvs/AVT-Faces_lighting1__V4-0005_400k_720_hevc.mkv"
}