{
    "mean_musiq": 35.486515045166016,
    "mean_musiq_cc": 29.2015438079834,
    "video": "../vd_test_1/cpvs/BunnyAnimation_15000k_2160_hevc.mkv"
}