{
    "mean_musiq": 33.73914337158203,
    "mean_musiq_cc": 25.192829132080078,
    "video": "../vd_test_1/cpvs/BunnyAnimation_3500k_2160_hevc.mkv"
}