{
    "mean_musiq": 22.780920028686523,
    "mean_musiq_cc": 19.585668563842773,
    "video": "../vd_test_1/cpvs/BunnyAnimation_1000k_720_hevc.mkv"
}