{
    "mean_musiq": 35.11686325073242,
    "mean_musiq_cc": 27.817358016967773,
    "video": "../vd_test_1/cpvs/BunnyAnimation_7000k_2160_hevc.mkv"
}