{
    "mean_musiq": 27.899280548095703,
    "mean_musiq_cc": 23.00323486328125,
    "video": "../vd_test_1/cpvs/BunnyAnimation_3500k_1080_hevc.mkv"
}