{
    "mean_musiq": 25.79799461364746,
    "mean_musiq_cc": 20.768238067626953,
    "video": "../vd_test_1/cpvs/BunnyAnimation_1000k_1080_hevc.mkv"
}