{
    "mean_musiq": 19.629907608032227,
    "mean_musiq_cc": 16.767658233642578,
    "video": "../vd_test_1/cpvs/BunnyAnimation_100k_360_hevc.mkv"
}