{
    "mean_musiq": 37.36640930175781,
    "mean_musiq_cc": 37.63011932373047,
    "video": "../vd_test_1/cpvs/cutting_orange_tuil_8s_3500k_2160_hevc.mkv"
}