{
    "mean_musiq": 18.305015563964844,
    "mean_musiq_cc": 22.152265548706055,
    "video": "../vd_test_1/cpvs/cutting_orange_tuil_8s_100k_360_hevc.mkv"
}