{
    "mean_musiq": 27.097820281982422,
    "mean_musiq_cc": 30.91672134399414,
    "video": "../vd_test_1/cpvs/cutting_orange_tuil_8s_1000k_1080_hevc.mkv"
}