{
    "mean_musiq": 30.486328125,
    "mean_musiq_cc": 33.25385284423828,
    "video": "../vd_test_1/cpvs/cutting_orange_tuil_8s_7000k_1080_hevc.mkv"
}