{
    "mean_musiq": 21.59916114807129,
    "mean_musiq_cc": 25.984384536743164,
    "video": "../vd_test_1/cpvs/cutting_orange_tuil_8s_400k_720_hevc.mkv"
}