{
    "mean_musiq": 38.50135040283203,
    "mean_musiq_cc": 38.73719787597656,
    "video": "../vd_test_1/cpvs/cutting_orange_tuil_8s_15000k_2160_hevc.mkv"
}