{
    "mean_musiq": 38.1982536315918,
    "mean_musiq_cc": 38.6541748046875,
    "video": "../vd_test_1/cpvs/cutting_orange_tuil_8s_7000k_2160_hevc.mkv"
}