{
    "mean_musiq": 35.67369079589844,
    "mean_musiq_cc": 40.608280181884766,
    "video": "../vd_test_1/cpvs/DialogMeridian_3500k_2160_hevc.mkv"
}