{
    "mean_musiq": 35.10731887817383,
    "mean_musiq_cc": 41.17406463623047,
    "video": "../vd_test_1/cpvs/DialogMeridian_15000k_2160_hevc.mkv"
}