{
    "mean_musiq": 28.230472564697266,
    "mean_musiq_cc": 33.01177978515625,
    "video": "../vd_test_1/cpvs/DialogMeridian_1000k_1080_hevc.mkv"
}