{
    "mean_musiq": 25.702316284179688,
    "mean_musiq_cc": 30.111248016357422,
    "video": "../vd_test_1/cpvs/DialogMeridian_1000k_720_hevc.mkv"
}