{
    "mean_musiq": 30.347524642944336,
    "mean_musiq_cc": 34.74738311767578,
    "video": "../vd_test_1/cpvs/DialogMeridian_7000k_1080_hevc.mkv"
}