{
    "mean_musiq": 22.954355239868164,
    "mean_musiq_cc": 25.705928802490234,
    "video": "../vd_test_1/cpvs/DialogMeridian_400k_360_hevc.mkv"
}