{
    "mean_musiq": 36.0506706237793,
    "mean_musiq_cc": 41.066043853759766,
    "video": "../vd_test_1/cpvs/DialogMeridian_7000k_2160_hevc.mkv"
}