{
    "mean_musiq": 26.76844024658203,
    "mean_musiq_cc": 30.232324600219727,
    "video": "../vd_test_1/cpvs/fr-041_debris_3840x2160_60p_422_ffvhuff_4_8s_1000k_1080_hevc.mkv"
}