{
    "mean_musiq": 33.042633056640625,
    "mean_musiq_cc": 54.018890380859375,
    "video": "../vd_test_1/cpvs/fr-041_debris_3840x2160_60p_422_ffvhuff_4_8s_7000k_2160_hevc.mkv"
}