{
    "mean_musiq": 31.57537841796875,
    "mean_musiq_cc": 39.84013366699219,
    "video": "../vd_test_1/cpvs/fr-041_debris_3840x2160_60p_422_ffvhuff_4_8s_3500k_1080_hevc.mkv"
}