{
    "mean_musiq": 27.372638702392578,
    "mean_musiq_cc": 59.418701171875,
    "video": "../vd_test_1/cpvs/fr-041_debris_3840x2160_60p_422_ffvhuff_4_8s_15000k_2160_hevc.mkv"
}