{
    "mean_musiq": 25.425870895385742,
    "mean_musiq_cc": 28.511503219604492,
    "video": "../vd_test_1/cpvs/fr-041_debris_3840x2160_60p_422_ffvhuff_4_8s_1000k_720_hevc.mkv"
}