{
    "mean_musiq": 33.02094650268555,
    "mean_musiq_cc": 46.12327194213867,
    "video": "../vd_test_1/cpvs/fr-041_debris_3840x2160_60p_422_ffvhuff_4_8s_3500k_2160_hevc.mkv"
}