{
    "mean_musiq": 23.628948211669922,
    "mean_musiq_cc": 22.677963256835938,
    "video": "../vd_test_1/cpvs/fr-041_debris_3840x2160_60p_422_ffvhuff_4_8s_400k_360_hevc.mkv"
}