{
    "mean_musiq": 28.785682678222656,
    "mean_musiq_cc": 20.571266174316406,
    "video": "../vd_test_1/cpvs/water_netflix_8s_1000k_1080_hevc.mkv"
}