{
    "mean_musiq": 21.631359100341797,
    "mean_musiq_cc": 17.797317504882812,
    "video": "../vd_test_1/cpvs/water_netflix_8s_100k_360_hevc.mkv"
}