{
    "mean_musiq": 30.159454345703125,
    "mean_musiq_cc": 22.56725311279297,
    "video": "../vd_test_1/cpvs/water_netflix_8s_3500k_1080_hevc.mkv"
}