{
    "mean_musiq": 25.99974822998047,
    "mean_musiq_cc": 18.942699432373047,
    "video": "../vd_test_1/cpvs/water_netflix_8s_400k_720_hevc.mkv"
}