{
    "mean_musiq": 29.429920196533203,
    "mean_musiq_cc": 21.368417739868164,
    "video": "../vd_test_1/cpvs/water_netflix_8s_7000k_2160_hevc.mkv"
}