{
    "mean_musiq": 30.84364128112793,
    "mean_musiq_cc": 22.430965423583984,
    "video": "../vd_test_1/cpvs/water_netflix_8s_15000k_2160_hevc.mkv"
}