{
    "mean_musiq": 27.818496704101562,
    "mean_musiq_cc": 21.83761215209961,
    "video": "../vd_test_1/cpvs/water_netflix_8s_3500k_2160_hevc.mkv"
}