{
    "mean_musiq": 24.676776885986328,
    "mean_musiq_cc": 28.180450439453125,
    "video": "../vd_test_2/upscaled_h265_420_main/american_football_harmonic_8s_1080p_crf38_hevc.mkv"
}