{
    "mean_musiq": 20.871749877929688,
    "mean_musiq_cc": 23.00215721130371,
    "video": "../vd_test_2/upscaled_h265_420_main/american_football_harmonic_8s_720p_crf38_hevc.mkv"
}