{
    "mean_musiq": 27.54623031616211,
    "mean_musiq_cc": 33.844154357910156,
    "video": "../vd_test_2/upscaled_h265_420_main/american_football_harmonic_8s_1080p_crf22_hevc.mkv"
}