{
    "mean_musiq": 26.180734634399414,
    "mean_musiq_cc": 26.328903198242188,
    "video": "../vd_test_2/upscaled_h265_420_main/american_football_harmonic_8s_720p_crf30_hevc.mkv"
}