{
    "mean_musiq": 30.379907608032227,
    "mean_musiq_cc": 36.72706604003906,
    "video": "../vd_test_2/upscaled_h265_420_main/american_football_harmonic_8s_2160p_crf22_hevc.mkv"
}