{
    "mean_musiq": 29.485000610351562,
    "mean_musiq_cc": 35.64569091796875,
    "video": "../vd_test_2/upscaled_h265_420_main/american_football_harmonic_8s_2160p_crf30_hevc.mkv"
}