{
    "mean_musiq": 18.48504638671875,
    "mean_musiq_cc": 18.427217483520508,
    "video": "../vd_test_2/upscaled_h265_420_main/american_football_harmonic_8s_360p_crf30_hevc.mkv"
}