{
    "mean_musiq": 27.071094512939453,
    "mean_musiq_cc": 32.67046356201172,
    "video": "../vd_test_2/upscaled_h265_420_main/american_football_harmonic_8s_1080p_crf30_hevc.mkv"
}