{
    "mean_musiq": 27.444564819335938,
    "mean_musiq_cc": 33.625953674316406,
    "video": "../vd_test_2/upscaled_h265_420_main/american_football_harmonic_8s_2160p_crf38_hevc.mkv"
}