{
    "mean_musiq": 19.7225341796875,
    "mean_musiq_cc": 19.531490325927734,
    "video": "../vd_test_2/upscaled_h265_420_main/american_football_harmonic_8s_360p_crf22_hevc.mkv"
}