{
    "mean_musiq": 27.60974884033203,
    "mean_musiq_cc": 29.827810287475586,
    "video": "../vd_test_2/upscaled_h265_420_main/american_football_harmonic_8s_720p_crf22_hevc.mkv"
}