{
    "mean_musiq": 18.006412506103516,
    "mean_musiq_cc": 15.867513656616211,
    "video": "../vd_test_2/upscaled_h265_420_main/american_football_harmonic_8s_360p_crf38_hevc.mkv"
}