{
    "mean_musiq": 32.6695556640625,
    "mean_musiq_cc": 45.241249084472656,
    "video": "../vd_test_2/upscaled_h265_420_main/AVT-Faces_lightingLoop__V8-0019_1080p_crf22_hevc.mkv"
}