{
    "mean_musiq": 50.143795013427734,
    "mean_musiq_cc": 56.46375274658203,
    "video": "../vd_test_2/upscaled_h265_420_main/AVT-Faces_lightingLoop__V8-0032_2160p_crf22_hevc.mkv"
}