{
    "mean_musiq": 32.412879943847656,
    "mean_musiq_cc": 39.72111129760742,
    "video": "../vd_test_2/upscaled_h265_420_main/AVT-Faces_lightingLoop__V8-0019_2160p_crf38_hevc.mkv"
}