{
    "mean_musiq": 32.13447952270508,
    "mean_musiq_cc": 31.66226577758789,
    "video": "../vd_test_2/upscaled_h265_420_main/AVT-Faces_lightingLoop__V8-0032_720p_crf30_hevc.mkv"
}