{
    "mean_musiq": 26.518030166625977,
    "mean_musiq_cc": 35.540550231933594,
    "video": "../vd_test_2/upscaled_h265_420_main/AVT-Faces_lightingLoop__V8-0019_720p_crf22_hevc.mkv"
}