{
    "mean_musiq": 21.262224197387695,
    "mean_musiq_cc": 24.732410430908203,
    "video": "../vd_test_2/upscaled_h265_420_main/AVT-Faces_lightingLoop__V8-0032_360p_crf22_hevc.mkv"
}