{
    "mean_musiq": 33.944786071777344,
    "mean_musiq_cc": 37.75790786743164,
    "video": "../vd_test_2/upscaled_h265_420_main/AVT-Faces_lightingLoop__V8-0032_720p_crf22_hevc.mkv"
}