{
    "mean_musiq": 43.87412643432617,
    "mean_musiq_cc": 50.41918182373047,
    "video": "../vd_test_2/upscaled_h265_420_main/AVT-Faces_lightingLoop__V8-0032_2160p_crf30_hevc.mkv"
}