{
    "mean_musiq": 24.967540740966797,
    "mean_musiq_cc": 29.08685302734375,
    "video": "../vd_test_2/upscaled_h265_420_main/AVT-Faces_lightingLoop__V8-0019_720p_crf30_hevc.mkv"
}