{
    "mean_musiq": 17.86737823486328,
    "mean_musiq_cc": 15.748861312866211,
    "video": "../vd_test_2/upscaled_h265_420_main/AVT-Faces_lightingLoop__V8-0019_360p_crf30_hevc.mkv"
}