{
    "mean_musiq": 30.257564544677734,
    "mean_musiq_cc": 29.13068199157715,
    "video": "../vd_test_2/upscaled_h265_420_main/AVT-Faces_lightingLoop__V8-0032_1080p_crf38_hevc.mkv"
}