{
    "mean_musiq": 18.162443161010742,
    "mean_musiq_cc": 16.811967849731445,
    "video": "../vd_test_2/upscaled_h265_420_main/AVT-Faces_lightingLoop__V8-0019_360p_crf22_hevc.mkv"
}