{
    "mean_musiq": 18.439790725708008,
    "mean_musiq_cc": 23.07650375366211,
    "video": "../vd_test_2/upscaled_h265_420_main/AVT-Faces_lightingLoop__V8-0032_360p_crf30_hevc.mkv"
}