{
    "mean_musiq": 25.45241928100586,
    "mean_musiq_cc": 24.561321258544922,
    "video": "../vd_test_2/upscaled_h265_420_main/AVT-Faces_lightingLoop__V8-0032_720p_crf38_hevc.mkv"
}