{
    "mean_musiq": 46.1505012512207,
    "mean_musiq_cc": 52.170936584472656,
    "video": "../vd_test_2/upscaled_h265_420_main/AVT-Faces_lightingLoop__V8-0019_2160p_crf22_hevc.mkv"
}