{
    "mean_musiq": 29.672143936157227,
    "mean_musiq_cc": 38.174346923828125,
    "video": "../vd_test_2/upscaled_h265_420_main/AVT-Faces_lightingLoop__V8-0019_1080p_crf30_hevc.mkv"
}