{
    "mean_musiq": 36.740455627441406,
    "mean_musiq_cc": 46.840736389160156,
    "video": "../vd_test_2/upscaled_h265_420_main/AVT-Faces_lightingLoop__V8-0032_1080p_crf22_hevc.mkv"
}