{
    "mean_musiq": 34.23646926879883,
    "mean_musiq_cc": 38.67708206176758,
    "video": "../vd_test_2/upscaled_h265_420_main/AVT-Faces_lightingLoop__V8-0032_1080p_crf30_hevc.mkv"
}