{
    "mean_musiq": 15.830676078796387,
    "mean_musiq_cc": 19.641061782836914,
    "video": "../vd_test_2/upscaled_h265_420_main/AVT-Faces_lightingLoop__V8-0032_360p_crf38_hevc.mkv"
}