{
    "mean_musiq": 36.22855758666992,
    "mean_musiq_cc": 37.86116027832031,
    "video": "../vd_test_2/upscaled_h265_420_main/AVT-Faces_lightingLoop__V8-0032_2160p_crf38_hevc.mkv"
}