{
    "mean_musiq": 17.757001876831055,
    "mean_musiq_cc": 14.584352493286133,
    "video": "../vd_test_2/upscaled_h265_420_main/AVT-Faces_lightingLoop__V8-0019_360p_crf38_hevc.mkv"
}