{
    "mean_musiq": 40.17646789550781,
    "mean_musiq_cc": 48.934993743896484,
    "video": "../vd_test_2/upscaled_h265_420_main/AVT-Faces_lightingLoop__V8-0019_2160p_crf30_hevc.mkv"
}