{
    "mean_musiq": 25.796382904052734,
    "mean_musiq_cc": 22.302839279174805,
    "video": "../vd_test_2/upscaled_h265_420_main/AVT-Faces_lightingLoop__V8-0019_1080p_crf38_hevc.mkv"
}