{
    "mean_musiq": 22.991487503051758,
    "mean_musiq_cc": 19.58749008178711,
    "video": "../vd_test_2/upscaled_h265_420_main/Chimera-EP09_8s_24000-32000.avi_720p_crf22_hevc.mkv"
}