{
    "mean_musiq": 29.318395614624023,
    "mean_musiq_cc": 24.975465774536133,
    "video": "../vd_test_2/upscaled_h265_420_main/Chimera-EP09_8s_24000-32000.avi_2160p_crf22_hevc.mkv"
}