{
    "mean_musiq": 26.62423324584961,
    "mean_musiq_cc": 21.738998413085938,
    "video": "../vd_test_2/upscaled_h265_420_main/Chimera-EP09_8s_24000-32000.avi_1080p_crf22_hevc.mkv"
}