{
    "mean_musiq": 15.662311553955078,
    "mean_musiq_cc": 13.827254295349121,
    "video": "../vd_test_2/upscaled_h265_420_main/Chimera-EP09_8s_24000-32000.avi_720p_crf38_hevc.mkv"
}