{
    "mean_musiq": 16.215736389160156,
    "mean_musiq_cc": 13.778407096862793,
    "video": "../vd_test_2/upscaled_h265_420_main/Chimera-EP09_8s_24000-32000.avi_360p_crf30_hevc.mkv"
}