{
    "mean_musiq": 19.595062255859375,
    "mean_musiq_cc": 17.668943405151367,
    "video": "../vd_test_2/upscaled_h265_420_main/Chimera-EP09_8s_24000-32000.avi_720p_crf30_hevc.mkv"
}