{
    "mean_musiq": 24.320783615112305,
    "mean_musiq_cc": 20.278743743896484,
    "video": "../vd_test_2/upscaled_h265_420_main/Chimera-EP09_8s_24000-32000.avi_1080p_crf30_hevc.mkv"
}