{
    "mean_musiq": 18.601318359375,
    "mean_musiq_cc": 16.91748046875,
    "video": "../vd_test_2/upscaled_h265_420_main/Chimera-EP09_8s_24000-32000.avi_1080p_crf38_hevc.mkv"
}