{
    "mean_musiq": 16.542285919189453,
    "mean_musiq_cc": 13.536823272705078,
    "video": "../vd_test_2/upscaled_h265_420_main/Chimera-EP09_8s_24000-32000.avi_360p_crf38_hevc.mkv"
}