{
    "mean_musiq": 27.911476135253906,
    "mean_musiq_cc": 23.341629028320312,
    "video": "../vd_test_2/upscaled_h265_420_main/Chimera-EP09_8s_24000-32000.avi_2160p_crf30_hevc.mkv"
}