{
    "mean_musiq": 16.20451545715332,
    "mean_musiq_cc": 15.054670333862305,
    "video": "../vd_test_2/upscaled_h265_420_main/Chimera-EP09_8s_24000-32000.avi_360p_crf22_hevc.mkv"
}