{
    "mean_musiq": 24.12742042541504,
    "mean_musiq_cc": 19.831344604492188,
    "video": "../vd_test_2/upscaled_h265_420_main/Chimera-EP09_8s_24000-32000.avi_2160p_crf38_hevc.mkv"
}