{
    "mean_musiq": 23.73321533203125,
    "mean_musiq_cc": 26.21385955810547,
    "video": "../vd_test_2/upscaled_h265_420_main/CSGO_8s_23000-31000.avi_720p_crf22_hevc.mkv"
}