{
    "mean_musiq": 36.15070343017578,
    "mean_musiq_cc": 35.821834564208984,
    "video": "../vd_test_2/upscaled_h265_420_main/CSGO_8s_23000-31000.avi_2160p_crf38_hevc.mkv"
}