{
    "mean_musiq": 24.822834014892578,
    "mean_musiq_cc": 22.607406616210938,
    "video": "../vd_test_2/upscaled_h265_420_main/CSGO_8s_23000-31000.avi_1080p_crf38_hevc.mkv"
}