{
    "mean_musiq": 44.01680374145508,
    "mean_musiq_cc": 48.74006652832031,
    "video": "../vd_test_2/upscaled_h265_420_main/CSGO_8s_23000-31000.avi_2160p_crf30_hevc.mkv"
}