{
    "mean_musiq": 17.886754989624023,
    "mean_musiq_cc": 17.440988540649414,
    "video": "../vd_test_2/upscaled_h265_420_main/CSGO_8s_23000-31000.avi_360p_crf30_hevc.mkv"
}