{
    "mean_musiq": 22.561962127685547,
    "mean_musiq_cc": 22.381046295166016,
    "video": "../vd_test_2/upscaled_h265_420_main/CSGO_8s_23000-31000.avi_720p_crf30_hevc.mkv"
}