{
    "mean_musiq": 34.348270416259766,
    "mean_musiq_cc": 35.33982467651367,
    "video": "../vd_test_2/upscaled_h265_420_main/CSGO_8s_23000-31000.avi_1080p_crf22_hevc.mkv"
}