{
    "mean_musiq": 29.391490936279297,
    "mean_musiq_cc": 28.48935317993164,
    "video": "../vd_test_2/upscaled_h265_420_main/CSGO_8s_23000-31000.avi_1080p_crf30_hevc.mkv"
}