{
    "mean_musiq": 20.182533264160156,
    "mean_musiq_cc": 19.1290283203125,
    "video": "../vd_test_2/upscaled_h265_420_main/CSGO_8s_23000-31000.avi_720p_crf38_hevc.mkv"
}