{
    "mean_musiq": 17.4832763671875,
    "mean_musiq_cc": 17.928104400634766,
    "video": "../vd_test_2/upscaled_h265_420_main/CSGO_8s_23000-31000.avi_360p_crf22_hevc.mkv"
}