{
    "mean_musiq": 18.624177932739258,
    "mean_musiq_cc": 17.875015258789062,
    "video": "../vd_test_2/upscaled_h265_420_main/CSGO_8s_23000-31000.avi_360p_crf38_hevc.mkv"
}