{
    "mean_musiq": 48.648529052734375,
    "mean_musiq_cc": 54.72010040283203,
    "video": "../vd_test_2/upscaled_h265_420_main/CSGO_8s_23000-31000.avi_2160p_crf22_hevc.mkv"
}