{
    "mean_musiq": 20.266887664794922,
    "mean_musiq_cc": 21.507455825805664,
    "video": "../vd_test_2/upscaled_h265_420_main/DialogMeridian_360p_crf38_hevc.mkv"
}