{
    "mean_musiq": 25.42965316772461,
    "mean_musiq_cc": 31.589187622070312,
    "video": "../vd_test_2/upscaled_h265_420_main/DialogMeridian_1080p_crf30_hevc.mkv"
}