{
    "mean_musiq": 25.360103607177734,
    "mean_musiq_cc": 32.92503356933594,
    "video": "../vd_test_2/upscaled_h265_420_main/DialogMeridian_2160p_crf38_hevc.mkv"
}