{
    "mean_musiq": 22.6904354095459,
    "mean_musiq_cc": 29.59345054626465,
    "video": "../vd_test_2/upscaled_h265_420_main/DialogMeridian_1080p_crf38_hevc.mkv"
}