{
    "mean_musiq": 22.891433715820312,
    "mean_musiq_cc": 28.76092529296875,
    "video": "../vd_test_2/upscaled_h265_420_main/DialogMeridian_720p_crf30_hevc.mkv"
}