{
    "mean_musiq": 21.522058486938477,
    "mean_musiq_cc": 23.214174270629883,
    "video": "../vd_test_2/upscaled_h265_420_main/DialogMeridian_360p_crf30_hevc.mkv"
}