{
    "mean_musiq": 37.0486946105957,
    "mean_musiq_cc": 41.087013244628906,
    "video": "../vd_test_2/upscaled_h265_420_main/DialogMeridian_2160p_crf22_hevc.mkv"
}