{
    "mean_musiq": 28.374744415283203,
    "mean_musiq_cc": 34.102394104003906,
    "video": "../vd_test_2/upscaled_h265_420_main/DialogMeridian_1080p_crf22_hevc.mkv"
}