{
    "mean_musiq": 24.751766204833984,
    "mean_musiq_cc": 29.912973403930664,
    "video": "../vd_test_2/upscaled_h265_420_main/DialogMeridian_720p_crf22_hevc.mkv"
}