{
    "mean_musiq": 20.999895095825195,
    "mean_musiq_cc": 27.624370574951172,
    "video": "../vd_test_2/upscaled_h265_420_main/DialogMeridian_720p_crf38_hevc.mkv"
}