{
    "mean_musiq": 31.515552520751953,
    "mean_musiq_cc": 38.9798469543457,
    "video": "../vd_test_2/upscaled_h265_420_main/DialogMeridian_2160p_crf30_hevc.mkv"
}