{
    "mean_musiq": 22.23196029663086,
    "mean_musiq_cc": 25.123794555664062,
    "video": "../vd_test_2/upscaled_h265_420_main/DialogMeridian_360p_crf22_hevc.mkv"
}