{
    "mean_musiq": 31.36748504638672,
    "mean_musiq_cc": 22.056289672851562,
    "video": "../vd_test_2/upscaled_h265_420_main/ElFuente_8s_224000-231750.avi_1080p_crf30_hevc.mkv"
}