{
    "mean_musiq": 27.63930892944336,
    "mean_musiq_cc": 20.065217971801758,
    "video": "../vd_test_2/upscaled_h265_420_main/ElFuente_8s_224000-231750.avi_720p_crf30_hevc.mkv"
}