{
    "mean_musiq": 35.72801208496094,
    "mean_musiq_cc": 22.615373611450195,
    "video": "../vd_test_2/upscaled_h265_420_main/ElFuente_8s_224000-231750.avi_2160p_crf22_hevc.mkv"
}