{
    "mean_musiq": 32.957550048828125,
    "mean_musiq_cc": 21.63470458984375,
    "video": "../vd_test_2/upscaled_h265_420_main/ElFuente_8s_224000-231750.avi_2160p_crf30_hevc.mkv"
}