{
    "mean_musiq": 21.358631134033203,
    "mean_musiq_cc": 19.46445655822754,
    "video": "../vd_test_2/upscaled_h265_420_main/ElFuente_8s_224000-231750.avi_360p_crf22_hevc.mkv"
}