{
    "mean_musiq": 19.162933349609375,
    "mean_musiq_cc": 18.63901710510254,
    "video": "../vd_test_2/upscaled_h265_420_main/ElFuente_8s_224000-231750.avi_360p_crf30_hevc.mkv"
}