{
    "mean_musiq": 27.973678588867188,
    "mean_musiq_cc": 21.169071197509766,
    "video": "../vd_test_2/upscaled_h265_420_main/ElFuente_8s_224000-231750.avi_2160p_crf38_hevc.mkv"
}