{
    "mean_musiq": 33.97713088989258,
    "mean_musiq_cc": 22.759607315063477,
    "video": "../vd_test_2/upscaled_h265_420_main/ElFuente_8s_224000-231750.avi_1080p_crf22_hevc.mkv"
}