{
    "mean_musiq": 24.439002990722656,
    "mean_musiq_cc": 18.949832916259766,
    "video": "../vd_test_2/upscaled_h265_420_main/ElFuente_8s_224000-231750.avi_1080p_crf38_hevc.mkv"
}