{
    "mean_musiq": 30.970348358154297,
    "mean_musiq_cc": 20.824283599853516,
    "video": "../vd_test_2/upscaled_h265_420_main/ElFuente_8s_224000-231750.avi_720p_crf22_hevc.mkv"
}