{
    "mean_musiq": 19.684871673583984,
    "mean_musiq_cc": 17.635051727294922,
    "video": "../vd_test_2/upscaled_h265_420_main/ElFuente_8s_224000-231750.avi_360p_crf38_hevc.mkv"
}