{
    "mean_musiq": 21.4510498046875,
    "mean_musiq_cc": 17.226234436035156,
    "video": "../vd_test_2/upscaled_h265_420_main/ElFuente_8s_224000-231750.avi_720p_crf38_hevc.mkv"
}