{
    "mean_musiq": 28.05025291442871,
    "mean_musiq_cc": 61.002601623535156,
    "video": "../vd_test_2/upscaled_h265_420_main/fr-041_debris_3840x2160_60p_422_ffvhuff_4_8s_2160p_crf30_hevc.mkv"
}