{
    "mean_musiq": 24.4119815826416,
    "mean_musiq_cc": 24.7669734954834,
    "video": "../vd_test_2/upscaled_h265_420_main/fr-041_debris_3840x2160_60p_422_ffvhuff_4_8s_360p_crf22_hevc.mkv"
}