{
    "mean_musiq": 26.513444900512695,
    "mean_musiq_cc": 67.28861999511719,
    "video": "../vd_test_2/upscaled_h265_420_main/fr-041_debris_3840x2160_60p_422_ffvhuff_4_8s_2160p_crf22_hevc.mkv"
}