{
    "mean_musiq": 22.790122985839844,
    "mean_musiq_cc": 22.767669677734375,
    "video": "../vd_test_2/upscaled_h265_420_main/fr-041_debris_3840x2160_60p_422_ffvhuff_4_8s_360p_crf38_hevc.mkv"
}