{
    "mean_musiq": 38.539669036865234,
    "mean_musiq_cc": 49.79560852050781,
    "video": "../vd_test_2/upscaled_h265_420_main/fr-041_debris_3840x2160_60p_422_ffvhuff_4_8s_1080p_crf22_hevc.mkv"
}