{
    "mean_musiq": 28.87564468383789,
    "mean_musiq_cc": 38.85673522949219,
    "video": "../vd_test_2/upscaled_h265_420_main/fr-041_debris_3840x2160_60p_422_ffvhuff_4_8s_1080p_crf38_hevc.mkv"
}