{
    "mean_musiq": 25.24460220336914,
    "mean_musiq_cc": 28.31182098388672,
    "video": "../vd_test_2/upscaled_h265_420_main/fr-041_debris_3840x2160_60p_422_ffvhuff_4_8s_720p_crf38_hevc.mkv"
}