{
    "mean_musiq": 32.09874725341797,
    "mean_musiq_cc": 39.78028106689453,
    "video": "../vd_test_2/upscaled_h265_420_main/fr-041_debris_3840x2160_60p_422_ffvhuff_4_8s_720p_crf22_hevc.mkv"
}