{
    "mean_musiq": 34.164527893066406,
    "mean_musiq_cc": 45.2685661315918,
    "video": "../vd_test_2/upscaled_h265_420_main/fr-041_debris_3840x2160_60p_422_ffvhuff_4_8s_1080p_crf30_hevc.mkv"
}