{
    "mean_musiq": 29.117271423339844,
    "mean_musiq_cc": 36.11091232299805,
    "video": "../vd_test_2/upscaled_h265_420_main/fr-041_debris_3840x2160_60p_422_ffvhuff_4_8s_720p_crf30_hevc.mkv"
}