{
    "mean_musiq": 33.19633483886719,
    "mean_musiq_cc": 53.98512649536133,
    "video": "../vd_test_2/upscaled_h265_420_main/fr-041_debris_3840x2160_60p_422_ffvhuff_4_8s_2160p_crf38_hevc.mkv"
}