{
    "mean_musiq": 23.70431137084961,
    "mean_musiq_cc": 22.72854232788086,
    "video": "../vd_test_2/upscaled_h265_420_main/fr-041_debris_3840x2160_60p_422_ffvhuff_4_8s_360p_crf30_hevc.mkv"
}