{
    "mean_musiq": 18.65256690979004,
    "mean_musiq_cc": 20.7094669342041,
    "video": "../vd_test_2/upscaled_h265_420_main/Knitting_Close_ds_360p_crf22_hevc.mkv"
}