{
    "mean_musiq": 28.903152465820312,
    "mean_musiq_cc": 30.57284927368164,
    "video": "../vd_test_2/upscaled_h265_420_main/Knitting_Close_ds_720p_crf22_hevc.mkv"
}