{
    "mean_musiq": 29.891000747680664,
    "mean_musiq_cc": 30.881450653076172,
    "video": "../vd_test_2/upscaled_h265_420_main/Knitting_Close_ds_1080p_crf30_hevc.mkv"
}