{
    "mean_musiq": 24.227081298828125,
    "mean_musiq_cc": 25.072473526000977,
    "video": "../vd_test_2/upscaled_h265_420_main/Knitting_Close_ds_720p_crf30_hevc.mkv"
}