{
    "mean_musiq": 38.459815979003906,
    "mean_musiq_cc": 41.5515251159668,
    "video": "../vd_test_2/upscaled_h265_420_main/Knitting_Close_ds_2160p_crf30_hevc.mkv"
}