{
    "mean_musiq": 35.43155288696289,
    "mean_musiq_cc": 38.205265045166016,
    "video": "../vd_test_2/upscaled_h265_420_main/Knitting_Close_ds_1080p_crf22_hevc.mkv"
}