{
    "mean_musiq": 22.22153091430664,
    "mean_musiq_cc": 22.33250617980957,
    "video": "../vd_test_2/upscaled_h265_420_main/Knitting_Close_ds_1080p_crf38_hevc.mkv"
}