{
    "mean_musiq": 18.23664093017578,
    "mean_musiq_cc": 20.181400299072266,
    "video": "../vd_test_2/upscaled_h265_420_main/Knitting_Close_ds_720p_crf38_hevc.mkv"
}