{
    "mean_musiq": 44.56205749511719,
    "mean_musiq_cc": 46.57705307006836,
    "video": "../vd_test_2/upscaled_h265_420_main/Knitting_Close_ds_2160p_crf22_hevc.mkv"
}