{
    "mean_musiq": 17.99176788330078,
    "mean_musiq_cc": 18.466520309448242,
    "video": "../vd_test_2/upscaled_h265_420_main/Knitting_Close_ds_360p_crf30_hevc.mkv"
}