{
    "mean_musiq": 28.95166015625,
    "mean_musiq_cc": 30.51349449157715,
    "video": "../vd_test_2/upscaled_h265_420_main/Knitting_Close_ds_2160p_crf38_hevc.mkv"
}