{
    "mean_musiq": 16.648788452148438,
    "mean_musiq_cc": 15.937045097351074,
    "video": "../vd_test_2/upscaled_h265_420_main/Knitting_Close_ds_360p_crf38_hevc.mkv"
}