{
    "mean_musiq": 16.39927101135254,
    "mean_musiq_cc": 16.026554107666016,
    "video": "../vd_test_2/upscaled_h265_420_main/Moment_of_Intensity_8s_360p_crf30_hevc.mkv"
}