{
    "mean_musiq": 24.85771942138672,
    "mean_musiq_cc": 22.534381866455078,
    "video": "../vd_test_2/upscaled_h265_420_main/Moment_of_Intensity_8s_720p_crf22_hevc.mkv"
}