{
    "mean_musiq": 18.325010299682617,
    "mean_musiq_cc": 19.249740600585938,
    "video": "../vd_test_2/upscaled_h265_420_main/Moment_of_Intensity_8s_360p_crf22_hevc.mkv"
}