{
    "mean_musiq": 22.82141876220703,
    "mean_musiq_cc": 20.472719192504883,
    "video": "../vd_test_2/upscaled_h265_420_main/Moment_of_Intensity_8s_2160p_crf38_hevc.mkv"
}