{
    "mean_musiq": 17.898332595825195,
    "mean_musiq_cc": 16.968280792236328,
    "video": "../vd_test_2/upscaled_h265_420_main/Moment_of_Intensity_8s_720p_crf38_hevc.mkv"
}