{
    "mean_musiq": 20.643836975097656,
    "mean_musiq_cc": 18.584705352783203,
    "video": "../vd_test_2/upscaled_h265_420_main/Moment_of_Intensity_8s_1080p_crf38_hevc.mkv"
}