{
    "mean_musiq": 23.24029541015625,
    "mean_musiq_cc": 21.742406845092773,
    "video": "../vd_test_2/upscaled_h265_420_main/Moment_of_Intensity_8s_1080p_crf30_hevc.mkv"
}