{
    "mean_musiq": 20.844263076782227,
    "mean_musiq_cc": 20.73780632019043,
    "video": "../vd_test_2/upscaled_h265_420_main/Moment_of_Intensity_8s_720p_crf30_hevc.mkv"
}