{
    "mean_musiq": 26.636268615722656,
    "mean_musiq_cc": 27.307327270507812,
    "video": "../vd_test_2/upscaled_h265_420_main/Moment_of_Intensity_8s_1080p_crf22_hevc.mkv"
}