{
    "mean_musiq": 26.09874725341797,
    "mean_musiq_cc": 28.756444931030273,
    "video": "../vd_test_2/upscaled_h265_420_main/Moment_of_Intensity_8s_2160p_crf30_hevc.mkv"
}