{
    "mean_musiq": 28.431129455566406,
    "mean_musiq_cc": 30.40207290649414,
    "video": "../vd_test_2/upscaled_h265_420_main/Moment_of_Intensity_8s_2160p_crf22_hevc.mkv"
}