{
    "mean_musiq": 16.062206268310547,
    "mean_musiq_cc": 15.132062911987305,
    "video": "../vd_test_2/upscaled_h265_420_main/Moment_of_Intensity_8s_360p_crf38_hevc.mkv"
}