{
    "mean_musiq": 22.30457305908203,
    "mean_musiq_cc": 18.32927131652832,
    "video": "../vd_test_2/upscaled_h265_420_main/monkeys_harmonic_0_cropped_8s_360p_crf30_hevc.mkv"
}