{
    "mean_musiq": 21.51398468017578,
    "mean_musiq_cc": 17.595932006835938,
    "video": "../vd_test_2/upscaled_h265_420_main/monkeys_harmonic_0_cropped_8s_360p_crf38_hevc.mkv"
}