{
    "mean_musiq": 35.820777893066406,
    "mean_musiq_cc": 34.107398986816406,
    "video": "../vd_test_2/upscaled_h265_420_main/monkeys_harmonic_0_cropped_8s_2160p_crf22_hevc.mkv"
}