{
    "mean_musiq": 26.66830825805664,
    "mean_musiq_cc": 27.948406219482422,
    "video": "../vd_test_2/upscaled_h265_420_main/monkeys_harmonic_0_cropped_8s_1080p_crf22_hevc.mkv"
}