{
    "mean_musiq": 22.91854476928711,
    "mean_musiq_cc": 20.814472198486328,
    "video": "../vd_test_2/upscaled_h265_420_main/monkeys_harmonic_0_cropped_8s_1080p_crf30_hevc.mkv"
}