{
    "mean_musiq": 21.497968673706055,
    "mean_musiq_cc": 18.22605323791504,
    "video": "../vd_test_2/upscaled_h265_420_main/monkeys_harmonic_0_cropped_8s_720p_crf38_hevc.mkv"
}