{
    "mean_musiq": 22.564847946166992,
    "mean_musiq_cc": 18.459217071533203,
    "video": "../vd_test_2/upscaled_h265_420_main/monkeys_harmonic_0_cropped_8s_360p_crf22_hevc.mkv"
}