{
    "mean_musiq": 22.797754287719727,
    "mean_musiq_cc": 18.589027404785156,
    "video": "../vd_test_2/upscaled_h265_420_main/monkeys_harmonic_0_cropped_8s_720p_crf30_hevc.mkv"
}