{
    "mean_musiq": 21.99304962158203,
    "mean_musiq_cc": 18.019210815429688,
    "video": "../vd_test_2/upscaled_h265_420_main/monkeys_harmonic_0_cropped_8s_1080p_crf38_hevc.mkv"
}