{
    "mean_musiq": 23.451133728027344,
    "mean_musiq_cc": 20.17145538330078,
    "video": "../vd_test_2/upscaled_h265_420_main/monkeys_harmonic_0_cropped_8s_2160p_crf38_hevc.mkv"
}