{
    "mean_musiq": 29.41230010986328,
    "mean_musiq_cc": 28.092540740966797,
    "video": "../vd_test_2/upscaled_h265_420_main/monkeys_harmonic_0_cropped_8s_2160p_crf30_hevc.mkv"
}