{
    "mean_musiq": 23.44457244873047,
    "mean_musiq_cc": 21.593996047973633,
    "video": "../vd_test_2/upscaled_h265_420_main/monkeys_harmonic_0_cropped_8s_720p_crf22_hevc.mkv"
}