{
    "mean_musiq": 14.680906295776367,
    "mean_musiq_cc": 20.299442291259766,
    "video": "../vd_test_2/upscaled_h265_420_main/Reading_Stairs_ds_360p_crf22_hevc.mkv"
}