{
    "mean_musiq": 32.172584533691406,
    "mean_musiq_cc": 48.42842102050781,
    "video": "../vd_test_2/upscaled_h265_420_main/Reading_Stairs_ds_1080p_crf22_hevc.mkv"
}