{
    "mean_musiq": 15.821090698242188,
    "mean_musiq_cc": 14.490476608276367,
    "video": "../vd_test_2/upscaled_h265_420_main/ReadySetGoJockeyConcat_8s_0-8000.avi_360p_crf30_hevc.mkv"
}