{
    "mean_musiq": 16.02522850036621,
    "mean_musiq_cc": 14.55905532836914,
    "video": "../vd_test_2/upscaled_h265_420_main/ReadySetGoJockeyConcat_8s_0-8000.avi_360p_crf38_hevc.mkv"
}