{
    "mean_musiq": 23.543394088745117,
    "mean_musiq_cc": 25.596492767333984,
    "video": "../vd_test_2/upscaled_h265_420_main/ReadySetGoJockeyConcat_8s_0-8000.avi_2160p_crf30_hevc.mkv"
}