{
    "mean_musiq": 26.03324317932129,
    "mean_musiq_cc": 41.3075065612793,
    "video": "../vd_test_2/upscaled_h265_420_main/Reading_Stairs_ds_1080p_crf30_hevc.mkv"
}