{
    "mean_musiq": 26.86971664428711,
    "mean_musiq_cc": 29.005346298217773,
    "video": "../vd_test_2/upscaled_h265_420_main/ReadySetGoJockeyConcat_8s_0-8000.avi_2160p_crf22_hevc.mkv"
}