{
    "mean_musiq": 16.62955093383789,
    "mean_musiq_cc": 18.42385482788086,
    "video": "../vd_test_2/upscaled_h265_420_main/ReadySetGoJockeyConcat_8s_0-8000.avi_720p_crf30_hevc.mkv"
}