{
    "mean_musiq": 18.17333221435547,
    "mean_musiq_cc": 21.53835678100586,
    "video": "../vd_test_2/upscaled_h265_420_main/ReadySetGoJockeyConcat_8s_0-8000.avi_720p_crf22_hevc.mkv"
}