{
    "mean_musiq": 20.924461364746094,
    "mean_musiq_cc": 25.67682647705078,
    "video": "../vd_test_2/upscaled_h265_420_main/ReadySetGoJockeyConcat_8s_0-8000.avi_1080p_crf22_hevc.mkv"
}