{
    "mean_musiq": 54.75264358520508,
    "mean_musiq_cc": 70.44107055664062,
    "video": "../vd_test_2/upscaled_h265_420_main/Reading_Stairs_ds_2160p_crf22_hevc.mkv"
}