{
    "mean_musiq": 20.359363555908203,
    "mean_musiq_cc": 31.9758358001709,
    "video": "../vd_test_2/upscaled_h265_420_main/Reading_Stairs_ds_1080p_crf38_hevc.mkv"
}