{
    "mean_musiq": 15.757681846618652,
    "mean_musiq_cc": 15.37922191619873,
    "video": "../vd_test_2/upscaled_h265_420_main/ReadySetGoJockeyConcat_8s_0-8000.avi_360p_crf22_hevc.mkv"
}