{
    "mean_musiq": 18.735118865966797,
    "mean_musiq_cc": 22.023174285888672,
    "video": "../vd_test_2/upscaled_h265_420_main/ReadySetGoJockeyConcat_8s_0-8000.avi_2160p_crf38_hevc.mkv"
}