{
    "mean_musiq": 16.017606735229492,
    "mean_musiq_cc": 17.77825164794922,
    "video": "../vd_test_2/upscaled_h265_420_main/ReadySetGoJockeyConcat_8s_0-8000.avi_1080p_crf38_hevc.mkv"
}