{
    "mean_musiq": 18.47129249572754,
    "mean_musiq_cc": 22.77233123779297,
    "video": "../vd_test_2/upscaled_h265_420_main/ReadySetGoJockeyConcat_8s_0-8000.avi_1080p_crf30_hevc.mkv"
}