{
    "mean_musiq": 15.454574584960938,
    "mean_musiq_cc": 15.317756652832031,
    "video": "../vd_test_2/upscaled_h265_420_main/ReadySetGoJockeyConcat_8s_0-8000.avi_720p_crf38_hevc.mkv"
}