{
    "mean_musiq": 13.887463569641113,
    "mean_musiq_cc": 18.102880477905273,
    "video": "../vd_test_2/upscaled_h265_420_main/Reading_Stairs_ds_360p_crf38_hevc.mkv"
}