{
    "mean_musiq": 20.7403507232666,
    "mean_musiq_cc": 30.78323745727539,
    "video": "../vd_test_2/upscaled_h265_420_main/Reading_Stairs_ds_720p_crf22_hevc.mkv"
}