{
    "mean_musiq": 52.61188507080078,
    "mean_musiq_cc": 66.93653869628906,
    "video": "../vd_test_2/upscaled_h265_420_main/Reading_Stairs_ds_2160p_crf30_hevc.mkv"
}