{
    "mean_musiq": 19.468746185302734,
    "mean_musiq_cc": 28.3341064453125,
    "video": "../vd_test_2/upscaled_h265_420_main/Reading_Stairs_ds_720p_crf30_hevc.mkv"
}