{
    "mean_musiq": 14.027328491210938,
    "mean_musiq_cc": 19.632797241210938,
    "video": "../vd_test_2/upscaled_h265_420_main/Reading_Stairs_ds_360p_crf30_hevc.mkv"
}