{
    "mean_musiq": 35.818931579589844,
    "mean_musiq_cc": 50.975154876708984,
    "video": "../vd_test_2/upscaled_h265_420_main/Reading_Stairs_ds_2160p_crf38_hevc.mkv"
}