{
    "mean_musiq": 16.09383201599121,
    "mean_musiq_cc": 26.135143280029297,
    "video": "../vd_test_2/upscaled_h265_420_main/Reading_Stairs_ds_720p_crf38_hevc.mkv"
}