{
    "mean_musiq": 28.013927459716797,
    "mean_musiq_cc": 30.087059020996094,
    "video": "../vd_test_2/upscaled_h265_420_main/Rocket-2_8s_90000-98000.avi_720p_crf22_hevc.mkv"
}