{
    "mean_musiq": 17.953754425048828,
    "mean_musiq_cc": 15.682221412658691,
    "video": "../vd_test_2/upscaled_h265_420_main/Rocket-2_8s_90000-98000.avi_360p_crf30_hevc.mkv"
}