{
    "mean_musiq": 34.57410430908203,
    "mean_musiq_cc": 35.41094207763672,
    "video": "../vd_test_2/upscaled_h265_420_main/Rocket-2_8s_90000-98000.avi_1080p_crf22_hevc.mkv"
}