{
    "mean_musiq": 24.74968147277832,
    "mean_musiq_cc": 24.845584869384766,
    "video": "../vd_test_2/upscaled_h265_420_main/Rocket-2_8s_90000-98000.avi_1080p_crf38_hevc.mkv"
}