{
    "mean_musiq": 31.131723403930664,
    "mean_musiq_cc": 31.792098999023438,
    "video": "../vd_test_2/upscaled_h265_420_main/Rocket-2_8s_90000-98000.avi_1080p_crf30_hevc.mkv"
}