{
    "mean_musiq": 24.7707576751709,
    "mean_musiq_cc": 25.477985382080078,
    "video": "../vd_test_2/upscaled_h265_420_main/Rocket-2_8s_90000-98000.avi_720p_crf30_hevc.mkv"
}