{
    "mean_musiq": 19.54991340637207,
    "mean_musiq_cc": 19.36658477783203,
    "video": "../vd_test_2/upscaled_h265_420_main/Rocket-2_8s_90000-98000.avi_720p_crf38_hevc.mkv"
}