{
    "mean_musiq": 33.06256866455078,
    "mean_musiq_cc": 34.21583938598633,
    "video": "../vd_test_2/upscaled_h265_420_main/Rocket-2_8s_90000-98000.avi_2160p_crf38_hevc.mkv"
}