{
    "mean_musiq": 39.7060546875,
    "mean_musiq_cc": 45.510009765625,
    "video": "../vd_test_2/upscaled_h265_420_main/Rocket-2_8s_90000-98000.avi_2160p_crf30_hevc.mkv"
}