{
    "mean_musiq": 18.901554107666016,
    "mean_musiq_cc": 19.104385375976562,
    "video": "../vd_test_2/upscaled_h265_420_main/Rocket-2_8s_90000-98000.avi_360p_crf22_hevc.mkv"
}