{
    "mean_musiq": 19.039413452148438,
    "mean_musiq_cc": 19.96580696105957,
    "video": "../vd_test_2/upscaled_h265_420_main/Sparks_8s_107000-115000.avi_720p_crf38_hevc.mkv"
}