{
    "mean_musiq": 31.428192138671875,
    "mean_musiq_cc": 33.270748138427734,
    "video": "../vd_test_2/upscaled_h265_420_main/Sparks_8s_107000-115000.avi_1080p_crf22_hevc.mkv"
}