{
    "mean_musiq": 22.576889038085938,
    "mean_musiq_cc": 23.69235610961914,
    "video": "../vd_test_2/upscaled_h265_420_main/Sparks_8s_107000-115000.avi_1080p_crf38_hevc.mkv"
}