{
    "mean_musiq": 20.83476448059082,
    "mean_musiq_cc": 22.812824249267578,
    "video": "../vd_test_2/upscaled_h265_420_main/Sparks_8s_107000-115000.avi_360p_crf22_hevc.mkv"
}