{
    "mean_musiq": 28.23725128173828,
    "mean_musiq_cc": 28.956266403198242,
    "video": "../vd_test_2/upscaled_h265_420_main/Sparks_8s_107000-115000.avi_1080p_crf30_hevc.mkv"
}