{
    "mean_musiq": 39.25846862792969,
    "mean_musiq_cc": 41.086753845214844,
    "video": "../vd_test_2/upscaled_h265_420_main/Sparks_8s_107000-115000.avi_2160p_crf22_hevc.mkv"
}