{
    "mean_musiq": 25.260543823242188,
    "mean_musiq_cc": 25.47412872314453,
    "video": "../vd_test_2/upscaled_h265_420_main/Sparks_8s_107000-115000.avi_720p_crf30_hevc.mkv"
}