{
    "mean_musiq": 34.695335388183594,
    "mean_musiq_cc": 35.520565032958984,
    "video": "../vd_test_2/upscaled_h265_420_main/Sparks_8s_107000-115000.avi_2160p_crf30_hevc.mkv"
}