{
    "mean_musiq": 19.52936553955078,
    "mean_musiq_cc": 20.34722900390625,
    "video": "../vd_test_2/upscaled_h265_420_main/Sparks_8s_107000-115000.avi_360p_crf30_hevc.mkv"
}