{
    "mean_musiq": 19.74159812927246,
    "mean_musiq_cc": 19.890443801879883,
    "video": "../vd_test_2/upscaled_h265_420_main/Sparks_8s_107000-115000.avi_360p_crf38_hevc.mkv"
}