{
    "mean_musiq": 25.9737491607666,
    "mean_musiq_cc": 30.442344665527344,
    "video": "../vd_test_2/upscaled_h265_420_main/Sparks_8s_107000-115000.avi_2160p_crf38_hevc.mkv"
}