{
    "mean_musiq": 27.96338653564453,
    "mean_musiq_cc": 28.635990142822266,
    "video": "../vd_test_2/upscaled_h265_420_main/Sparks_8s_107000-115000.avi_720p_crf22_hevc.mkv"
}