{
    "mean_musiq": 18.026071548461914,
    "mean_musiq_cc": 18.23319435119629,
    "video": "../vd_test_2/upscaled_h265_420_main/venice_harmonic_2_cropped_8s_720p_crf38_hevc.mkv"
}