{
    "mean_musiq": 30.50310516357422,
    "mean_musiq_cc": 36.01234817504883,
    "video": "../vd_test_2/upscaled_h265_420_main/venice_harmonic_2_cropped_8s_2160p_crf30_hevc.mkv"
}