{
    "mean_musiq": 17.849224090576172,
    "mean_musiq_cc": 15.218082427978516,
    "video": "../vd_test_2/upscaled_h265_420_main/venice_harmonic_2_cropped_8s_360p_crf30_hevc.mkv"
}