{
    "mean_musiq": 20.993980407714844,
    "mean_musiq_cc": 21.564239501953125,
    "video": "../vd_test_2/upscaled_h265_420_main/venice_harmonic_2_cropped_8s_1080p_crf38_hevc.mkv"
}