{
    "mean_musiq": 32.55585861206055,
    "mean_musiq_cc": 40.36524200439453,
    "video": "../vd_test_2/upscaled_h265_420_main/venice_harmonic_2_cropped_8s_2160p_crf22_hevc.mkv"
}