{
    "mean_musiq": 18.998641967773438,
    "mean_musiq_cc": 13.671953201293945,
    "video": "../vd_test_2/upscaled_h265_420_main/venice_harmonic_2_cropped_8s_360p_crf38_hevc.mkv"
}