{
    "mean_musiq": 25.576122283935547,
    "mean_musiq_cc": 28.439926147460938,
    "video": "../vd_test_2/upscaled_h265_420_main/venice_harmonic_2_cropped_8s_1080p_crf30_hevc.mkv"
}