{
    "mean_musiq": 26.25513458251953,
    "mean_musiq_cc": 28.198871612548828,
    "video": "../vd_test_2/upscaled_h265_420_main/venice_harmonic_2_cropped_8s_2160p_crf38_hevc.mkv"
}