{
    "mean_musiq": 28.5953369140625,
    "mean_musiq_cc": 34.708614349365234,
    "video": "../vd_test_2/upscaled_h265_420_main/venice_harmonic_2_cropped_8s_1080p_crf22_hevc.mkv"
}