{
    "mean_musiq": 24.804094314575195,
    "mean_musiq_cc": 28.30989646911621,
    "video": "../vd_test_2/upscaled_h265_420_main/venice_harmonic_2_cropped_8s_720p_crf22_hevc.mkv"
}