{
    "mean_musiq": 17.344680786132812,
    "mean_musiq_cc": 17.51059341430664,
    "video": "../vd_test_2/upscaled_h265_420_main/venice_harmonic_2_cropped_8s_360p_crf22_hevc.mkv"
}