{
    "dover": 0.8590627707934989,
    "dover_res_0": -0.021347427740693092,
    "dover_res_1": 0.1983986645936966,
    "video": "../vd_test_1/cpvs/AVT-Faces_lighting1__V4-0005_7000k_2160_hevc.mkv"
}