{
    "dover": 0.6492458038370968,
    "dover_res_0": -0.14395718276500702,
    "dover_res_1": 0.18151940405368805,
    "video": "../vd_test_1/cpvs/AVT-Faces_lighting1__V4-0005_100k_360_hevc.mkv"
}