{
    "dover": 0.8549664403684056,
    "dover_res_0": -0.014780653640627861,
    "dover_res_1": 0.1898811310529709,
    "video": "../vd_test_1/cpvs/AVT-Faces_lighting1__V4-0005_3500k_2160_hevc.mkv"
}