{
    "dover": 0.6441956751143767,
    "dover_res_0": -0.11919592320919037,
    "dover_res_1": 0.1594720482826233,
    "video": "../vd_test_1/cpvs/AVT-Faces_lighting1__V4-0012_100k_360_hevc.mkv"
}