{
    "dover": 0.8264989925520728,
    "dover_res_0": -0.009968331083655357,
    "dover_res_1": 0.16537146270275116,
    "video": "../vd_test_1/cpvs/AVT-Faces_lighting1__V4-0012_3500k_2160_hevc.mkv"
}