{
    "dover": 0.8044057476868316,
    "dover_res_0": -0.016944237053394318,
    "dover_res_1": 0.1567443460226059,
    "video": "../vd_test_1/cpvs/AVT-Faces_lighting1__V4-0012_1000k_1080_hevc.mkv"
}