{
    "dover": 0.7802597006521163,
    "dover_res_0": -0.060542695224285126,
    "dover_res_1": 0.1775660216808319,
    "video": "../vd_test_1/cpvs/AVT-Faces_lighting1__V4-0005_400k_720_hevc.mkv"
}