{
    "dover": 0.7627852431039135,
    "dover_res_0": -0.04198196157813072,
    "dover_res_1": 0.1530381739139557,
    "video": "../vd_test_1/cpvs/AVT-Faces_lighting1__V4-0012_400k_720_hevc.mkv"
}