{
    "dover": 0.8319517993080404,
    "dover_res_0": -0.009703441523015499,
    "dover_res_1": 0.16888876259326935,
    "video": "../vd_test_1/cpvs/AVT-Faces_lighting1__V4-0012_7000k_2160_hevc.mkv"
}