{
    "dover": 0.8345718720270789,
    "dover_res_0": -0.009066645056009293,
    "dover_res_1": 0.17020361125469208,
    "video": "../vd_test_1/cpvs/AVT-Faces_lighting1__V4-0012_15000k_2160_hevc.mkv"
}