{
    "dover": 0.8554560770269773,
    "dover_res_0": -0.030406808480620384,
    "dover_res_1": 0.20282641053199768,
    "video": "../vd_test_1/cpvs/AVT-Faces_lighting1__V4-0005_7000k_1080_hevc.mkv"
}