{
    "dover": 0.8620945794643413,
    "dover_res_0": -0.02127557434141636,
    "dover_res_1": 0.2007887214422226,
    "video": "../vd_test_1/cpvs/AVT-Faces_lighting1__V4-0005_15000k_2160_hevc.mkv"
}