{
    "dover": 0.8165421252871149,
    "dover_res_0": -0.025417083874344826,
    "dover_res_1": 0.1712115854024887,
    "video": "../vd_test_1/cpvs/AVT-Faces_lighting1__V4-0012_3500k_1080_hevc.mkv"
}