{
    "dover": 0.8510443315979499,
    "dover_res_0": -0.029934875667095184,
    "dover_res_1": 0.19903376698493958,
    "video": "../vd_test_1/cpvs/AVT-Faces_lighting1__V4-0005_3500k_1080_hevc.mkv"
}