{
    "dover": 0.6814305453756918,
    "dover_res_0": -0.03716195747256279,
    "dover_res_1": 0.1096741184592247,
    "video": "../vd_test_1/cpvs/BunnyAnimation_3500k_1080_hevc.mkv"
}