{
    "dover": 0.7116710798178664,
    "dover_res_0": -0.028442759066820145,
    "dover_res_1": 0.11653226613998413,
    "video": "../vd_test_1/cpvs/BunnyAnimation_15000k_2160_hevc.mkv"
}