{
    "dover": 0.6877349339960315,
    "dover_res_0": -0.03176124766469002,
    "dover_res_1": 0.10816065967082977,
    "video": "../vd_test_1/cpvs/BunnyAnimation_7000k_2160_hevc.mkv"
}