{
    "dover": 0.6400735518895924,
    "dover_res_0": -0.06895513087511063,
    "dover_res_1": 0.11734464019536972,
    "video": "../vd_test_1/cpvs/BunnyAnimation_1000k_1080_hevc.mkv"
}