{
    "dover": 0.699932091632386,
    "dover_res_0": -0.03497377783060074,
    "dover_res_1": 0.11630581319332123,
    "video": "../vd_test_1/cpvs/BunnyAnimation_3500k_2160_hevc.mkv"
}