{
    "dover": 0.2997788520036612,
    "dover_res_0": -0.15602879226207733,
    "dover_res_1": 0.04940100386738777,
    "video": "../vd_test_1/cpvs/BunnyAnimation_100k_360_hevc.mkv"
}