{
    "dover": 0.6048281286638347,
    "dover_res_0": -0.08591249585151672,
    "dover_res_1": 0.11644098162651062,
    "video": "../vd_test_1/cpvs/BunnyAnimation_1000k_720_hevc.mkv"
}