{
    "dover": 0.7729406602598966,
    "dover_res_0": -0.03657941147685051,
    "dover_res_1": 0.1542145311832428,
    "video": "../vd_test_1/cpvs/cutting_orange_tuil_8s_7000k_2160_hevc.mkv"
}