{
    "dover": 0.6233560622003083,
    "dover_res_0": -0.08384726941585541,
    "dover_res_1": 0.12235524505376816,
    "video": "../vd_test_1/cpvs/cutting_orange_tuil_8s_400k_720_hevc.mkv"
}