{
    "dover": 0.4114392987418858,
    "dover_res_0": -0.1311153769493103,
    "dover_res_1": 0.07687034457921982,
    "video": "../vd_test_1/cpvs/cutting_orange_tuil_8s_100k_360_hevc.mkv"
}