{
    "dover": 0.7740762285557607,
    "dover_res_0": -0.0339466854929924,
    "dover_res_1": 0.15272590517997742,
    "video": "../vd_test_1/cpvs/cutting_orange_tuil_8s_15000k_2160_hevc.mkv"
}