{
    "dover": 0.7656274246972036,
    "dover_res_0": -0.0401281863451004,
    "dover_res_1": 0.15307578444480896,
    "video": "../vd_test_1/cpvs/cutting_orange_tuil_8s_7000k_1080_hevc.mkv"
}