{
    "dover": 0.7678060750554003,
    "dover_res_0": -0.03484378755092621,
    "dover_res_1": 0.1500074565410614,
    "video": "../vd_test_1/cpvs/cutting_orange_tuil_8s_3500k_2160_hevc.mkv"
}