{
    "dover": 0.7454715539282556,
    "dover_res_0": -0.037019625306129456,
    "dover_res_1": 0.14000070095062256,
    "video": "../vd_test_1/cpvs/cutting_orange_tuil_8s_1000k_1080_hevc.mkv"
}