{
    "dover": 0.6282693222036633,
    "dover_res_0": -0.058812521398067474,
    "dover_res_1": 0.10426168888807297,
    "video": "../vd_test_1/cpvs/DialogMeridian_7000k_2160_hevc.mkv"
}