{
    "dover": 0.6471926420655365,
    "dover_res_0": -0.05451047047972679,
    "dover_res_1": 0.10873888432979584,
    "video": "../vd_test_1/cpvs/DialogMeridian_15000k_2160_hevc.mkv"
}