{
    "dover": 0.615589876453952,
    "dover_res_0": -0.05789006128907204,
    "dover_res_1": 0.0982961356639862,
    "video": "../vd_test_1/cpvs/DialogMeridian_1000k_1080_hevc.mkv"
}