{
    "dover": 0.5451887636724275,
    "dover_res_0": -0.09231738746166229,
    "dover_res_1": 0.09791786968708038,
    "video": "../vd_test_1/cpvs/DialogMeridian_1000k_720_hevc.mkv"
}