{
    "dover": 0.6818239949453311,
    "dover_res_0": -0.030634405091404915,
    "dover_res_1": 0.10460209101438522,
    "video": "../vd_test_1/cpvs/DialogMeridian_3500k_2160_hevc.mkv"
}