{
    "dover": 0.6187218945926212,
    "dover_res_0": -0.07108749449253082,
    "dover_res_1": 0.11018994450569153,
    "video": "../vd_test_1/cpvs/DialogMeridian_7000k_1080_hevc.mkv"
}