{
    "dover": 0.37480301577891373,
    "dover_res_0": -0.1625787615776062,
    "dover_res_1": 0.08728087693452835,
    "video": "../vd_test_1/cpvs/DialogMeridian_400k_360_hevc.mkv"
}