{
    "dover": 0.34443018192531666,
    "dover_res_0": -0.09760730713605881,
    "dover_res_1": 0.02226724848151207,
    "video": "../vd_test_1/cpvs/fr-041_debris_3840x2160_60p_422_ffvhuff_4_8s_3500k_2160_hevc.mkv"
}