{
    "dover": 0.383395507757521,
    "dover_res_0": -0.104530468583107,
    "dover_res_1": 0.04415071755647659,
    "video": "../vd_test_1/cpvs/fr-041_debris_3840x2160_60p_422_ffvhuff_4_8s_3500k_1080_hevc.mkv"
}