{
    "dover": 0.4441385660208973,
    "dover_res_0": -0.06432680040597916,
    "dover_res_1": 0.03612257167696953,
    "video": "../vd_test_1/cpvs/fr-041_debris_3840x2160_60p_422_ffvhuff_4_8s_7000k_2160_hevc.mkv"
}