{
    "dover": 0.25958563279041663,
    "dover_res_0": -0.11940620839595795,
    "dover_res_1": 0.0006075954297557473,
    "video": "../vd_test_1/cpvs/fr-041_debris_3840x2160_60p_422_ffvhuff_4_8s_1000k_1080_hevc.mkv"
}