{
    "dover": 0.5160456110493833,
    "dover_res_0": -0.047852158546447754,
    "dover_res_1": 0.05083322525024414,
    "video": "../vd_test_1/cpvs/fr-041_debris_3840x2160_60p_422_ffvhuff_4_8s_15000k_2160_hevc.mkv"
}