{
    "dover": 0.2714074138551847,
    "dover_res_0": -0.13138049840927124,
    "dover_res_1": 0.016107123345136642,
    "video": "../vd_test_1/cpvs/fr-041_debris_3840x2160_60p_422_ffvhuff_4_8s_1000k_720_hevc.mkv"
}