{
    "dover": 0.1807163952354987,
    "dover_res_0": -0.16649900376796722,
    "dover_res_1": -0.006420167163014412,
    "video": "../vd_test_1/cpvs/fr-041_debris_3840x2160_60p_422_ffvhuff_4_8s_400k_360_hevc.mkv"
}