{
    "dover": 0.2747707310109709,
    "dover_res_0": -0.12406183034181595,
    "dover_res_1": 0.01186470314860344,
    "video": "../vd_test_1/cpvs/water_netflix_8s_3500k_1080_hevc.mkv"
}