{
    "dover": 0.2836341612337912,
    "dover_res_0": -0.12129358947277069,
    "dover_res_1": 0.013905830681324005,
    "video": "../vd_test_1/cpvs/water_netflix_8s_7000k_2160_hevc.mkv"
}