{
    "dover": 0.16441794832791834,
    "dover_res_0": -0.1859588325023651,
    "dover_res_1": -0.0018398463726043701,
    "video": "../vd_test_1/cpvs/water_netflix_8s_400k_720_hevc.mkv"
}