{
    "dover": 0.3059753098607552,
    "dover_res_0": -0.10857206583023071,
    "dover_res_1": 0.014092323370277882,
    "video": "../vd_test_1/cpvs/water_netflix_8s_15000k_2160_hevc.mkv"
}