{
    "dover": 0.24644078867453195,
    "dover_res_0": -0.13290072977542877,
    "dover_res_1": 0.004717739764600992,
    "video": "../vd_test_1/cpvs/water_netflix_8s_3500k_2160_hevc.mkv"
}