{
    "dover": 0.2318120262325417,
    "dover_res_0": -0.1401129513978958,
    "dover_res_1": 0.00272546848282218,
    "video": "../vd_test_1/cpvs/water_netflix_8s_1000k_1080_hevc.mkv"
}