{
    "dover": 0.1122203866655308,
    "dover_res_0": -0.1991504430770874,
    "dover_res_1": -0.034103211015462875,
    "video": "../vd_test_1/cpvs/water_netflix_8s_100k_360_hevc.mkv"
}